2010 USA Cycling Collegiate Road Nationals in Madison WI Results

05/09/2010 Team Time Trial Men D2 Nationals TTT
Place,License #,First,Last,City,State,Time,Team
1,0,Mesa State,College,,,38:15.10,Mesa State College
2,0,Western Washington ,University,,,38:38.34,Western Washington University
3,0,Whitman,College,,,38:43.42,Whitman College
4,0,Duke,University,,,38:46.40,Duke University
5,0,Massachusetts,Institute of Tech,,,39:55.13,Massachusetts Institute of Tech
6,0,Furman,University,,,40:29.81,Furman University
7,0,University of,Wisconsin-Plattev,,,41:14.08,University of Wisconsin-Plattev
8,0,Bucknell,University,,,41:47.03,Bucknell University
9,0,Mars Hill,College,,,42:04.21,Mars Hill College
10,0,US Air Force,Academy,,,42:18.93,US Air Force Academy
11,0,Franklin and Marshal,College,,,43:34.96,Franklin and Marshall College
12,0,Dartmouth,College,,,48:31.53,Dartmouth College

05/09/2010 Team Time Trial Men D1 Nationals TTT
Place,License #,First,Last,City,State,Time,Team
1,0,Marian,College,,,36:23.44,Marian College
2,0,Univ of,California-Davis,,,36:58.50,University of California-Davis
3,0,Fort Lewis,College,,,37:32.58,Fort Lewis College
4,0,Lees-McRae,College,,,37:52.80,Lees-McRae College
5,0,Colorado State,University,,,38:11.86,Colorado State University
6,0,Lindsey Wilson,College,,,38:30.61,Lindsey Wilson College
7,0,Univ of,California-Los An,,,38:52.24,University of California-Los An
8,0,Midwestern State,University,,,38:59.63,Midwestern State UNIVERSITY
9,0,University of,Colorado-Boulder,,,39:04.16,University of Colorado-Boulder
10,0,University of,Washington-Seattl,,,39:07.33,University of Washington-Seattl
11,0,University of,Arizona,,,39:10.59,University of Arizona
12,0,Pennsylvania State,University,,,39:21.47,Pennsylvania State University
13,0,University of,Pittsburgh,,,39:39.84,University of Pittsburgh
14,0,US Naval,Academy,,,40:32.26,US Naval Academy
15,0,University of,Florida,,,40:32.26,University of Florida
16,0,Stanford,University,,,42:44.02,Stanford University
17,0,University of,Wisconsin-Madison,,,44:16.13,University of Wisconsin-Madison

05/09/2010 Team Time Trial Women D2 Nationals TTT
Place,License #,First,Last,City,State,Time,Team
1,0,Whitman,College,,,45:26.73,Whitman College
2,0,Massachusetts,Institute of Tech,,,45:51.60,Massachusetts Institute of Tech
3,0,Dartmouth,College,,,45:51.95,Dartmouth College
4,0,Yale,University,,,48:16:08,Yale University
5,0,Mesa State,College,,,49:08.58,Mesa State College
6,0,Mars Hill,College,,,52:04.09,Mars Hill College

05/09/2010 Team Time Trial Women D1 Nationals TTT
Place,License #,First,Last,City,State,Time,Team
1,0,Marian,College,,,42:25.44,Marian College
2,0,Lees-McRae,College,,,42:35.30,Lees-McRae College
3,0,University of,California-Davis,,,43:01.57,University of California-Davis
4,0,University of,Colorado-Boulder,,,44:25.18,University of Colorado-Boulder
5,0,University of,Arizona,,,44:36.73,University of Arizona
6,0,Midwestern State,University,,,45:40.38,Midwestern State University
7,0,Fort Lewis, College,,,46:24.54,Fort Lewis College
8,0,University of,Wisconsin-Madison,,,46:37.09,University of Wisconsin-Madison
9,0,Lindsey Wilson,College,,,47:24.84,Lindsey Wilson College
10,0,Colorado State,University,,,49:46.84,Colorado State University
11,0,Pennsylvania State,University,,,49:50.90,Pennsylvania State University
DNF,0,University of,California-Los An,,,,University of California-Los An

05/08/2010 Criterium Men D2 Nationals Crit
Place,License #,First,Last,City,State,Time,Team
1,301115,Richard,Geng,Salinas,CA,58:00.8,Mesa State College
2,210769,Pat,Lemieux,Saint Paul,MN,58:01.1,Minnesota State University-Mank
3,184027,Joe,Lewis,Edina,MN,58:01.4,University of Denver
4,261002,Ben,Chaddock,Walla Walla,WA,58:01.5,Whitman College
5,133889,Ben,Damhoff,Morrison,IL,58:01.6,University of Wisconsin-Plattev
6,253558,Cory,Scott,Richmond,VA,58:01.8,College of William and Mary
7,184284,Ian,Crane,Seattle,WA,58:02.5,Whatcom Community College
8,270588,Robert,Ferris,Minneapolis ,MN,58:02.6,Duke University
9,199142,Trevor,Eide,Portland,ME,58:02.6,Dartmouth College
10,216334,Logan,Wetzel,Bellingham,WA,58:02.9,Western Washington University
11,223464,Jeffrey,Salvitti,San Francisco,CA,58:03.0,Bucknell University
12,305979,Ryan,Sullivan,Nashville,TN,58:03.0,Cumberland University
13,259043,John,ShalekBriski,Spokane,WA,58:03.2,US Air Force Academy
14,224140,Timbah,Bell,Walla Walla,WA,58:03.2,Whitman College
15,276577,Scott,Lipp,Bozeman,MT,58:03.2,Montana State University-Bozema
16,204225,Steve,Fisher,Bellingham,WA,58:03.3,Western Washington University
17,259029,Corey,Meyer,Little Falls,MN,58:03.4,Brevard College
18,208152,Luke,Ramseth,Idaho Falls,ID,58:03.6,Humboldt State University
19,193830,Andrew,Baker,Easley,SC,58:03.6,Furman University
20,289525,Nikola,Milanovic,Mars Hill,NC,58:03.6,Mars Hill College
21,301113,Patric,Rostel,Grand Junction,CO,58:03.9,Mesa State College
22,268204,Paul,Webb,Bellevue,NE,58:04.1,Mars Hill College
23,274033,Kyle,Knott,Rock Hill,SC,58:04.3,Mars Hill College
24,217099,Ryan,Short,Kirkland,WA,58:04.4,Western Washington University
25,272622,Douglass,Endrizzi,Scarborough,ME,58:04.5,Yale University
26,269789,Justin,Goodin,Clovis,NM,58:04.9,US Air Force Academy
27,240194,Brian,Kaker,Milwaukee,WI,58:04.9,University of Wisconsin-Whitewa
28,238230,Cory,St Clair,Cincinnati,OH,58:05.1,Xavier University
29,200545,Ross,White,Holmen,WI,58:05.3,University of Wisconsin-Whitewa
30,256402,Aaron,Meyers,Lewisburg,PA,58:05.8,Bucknell University
31,256718,Colin,Don,Los Angeles,CA,58:06.2,University of Denver
32,250723,Colin,Gibson,Portland,OR,58:06.6,Whitman College
33,269189,Alejandro,Padilla,Lebanon,TN,58:07.0,Cumberland University
34,237726,Conor,Mullervy,Boulder,CO,58:07.5,Mesa State College
35,270026,Matthew,Nichols,Hanover,NH,58:08.2,Dartmouth College
36,243366,Joe,Magro,Acton,MA,58:08.5,University of Notre Dame
37,178840,Maxwell,Anderson,Hartford,WI,58:08.7,University of Wisconsin-Plattev
38,42851,Michael,Garrett,Boulder,CO,58:09.6,Massachusetts Institute of Tech
39,284687,Matthew,Willing,Weaverville,NC,58:10.5,Mars Hill College
40,237586,Kevin,Mullervy,Centennial,CO,58:10.6,Mesa State College
41,286436,Brendon,Gallant,Salem,OR,58:10.8,Willamette University
42,161188,Tristin,Bentzler,Chippewa Falls,WI,58:10.8,University of Wisconsin-Eau Cla
43,222052,Tucker,Sawin,Washington,DC,58:11.2,Georgetown University
44,269412,Adam,Koble,Tulsa,OK,58:11.3,University of Wisconsin-Eau Cla
45,220038,Elliot,DuMont,Tucson,AZ,58:11.5,Claremont Colleges Consortium
46,201783,Ryan,Smolko,Mifflinburg,PA,58:11.6,Kutztown University of Pennsylv
47,282747,Jonathan,Dreher,Mercer Island,WA,58:11.6,Massachusetts Institute of Tech
48,106153,Kyle,Wagner,Doylestown,PA,58:11.6,Lehigh University
49,209846,John,Rhoden,Indianapolis,IN,58:11.9,Massachusetts Institute of Tech
50,252598,Michael,Niemi,Gainesville,FL,58:14.6,Duke University
51,179448,Thomas,Clark,Fort Collins,CO,58:15.8,University of Wisconsin-Plattev
52,251832,Robert,Burnett,Golden,CO,58:17.9,Franklin and Marshall College
53,274079,Benjamin,Rathkamp,Bellingham,WA,58:30.0,Western Washington University
DNF,248002,Evan,Cooper,Brookyln,NY,,Tufts University
DNF,250718,Tim,Humpton,Jamison,PA,,Massachusetts Institute of Tech
DNF,276967,Gregory,Keith,Birmingham,AL,,US Military Academy
DNF,257940,Aaron,Cravez,Lewisburg,PA,,Bucknell University
DNF,289821,Maciej,Balajewicz,Champaign,IL,,Duke University
DNF,171151,Spencer,Beamer,Greenville,SC,,Furman University
DNF,282323,Joe,Pigga,Bethelehem,PA,,Lehigh University
DNF,213223,Douglas,Ansel,Madison,WI,,University of Notre Dame
DNF,251580,Arthur,Moran,Jamaica Plain,MA,,Wentworth Institute of Technolo
DNF,272490,Mariusz,Czarnomski,Cedar Rapids,IA,,University of North Dakota
DNF,191703,Thomas,Brown,Athens,GA,,Emory University
DNF,305840,Brock,Logan,Centennial,CO,,US Air Force Academy
DNF,238986,Craig,McKinney,Greenville,SC,,Furman University
DNF,163551,Tony,Damhoff,Lake Mills,WI,,University of Wisconsin-Plattev
DNF,290921,James,Mitchell,Mableton,GA,,Furman University
DNF,258509,Waylon,Janowiak,Michigan City,IN,,Illinois Institute of Technolog
DNF,257506,Patrick,Barter,Wilder,VT,,Dartmouth College
DNF,240400,Timothy,Campbell,Lake Mills,WI,,Oakland University
DNF,276879,Alex,Abarbanel-Grossman,Bloomfield,NJ,,Middlebury College
DNF,211728,Matt,St Marie,Brevard,NC,,Brevard College

05/08/2010 Criterium Men D1 Nationals Crit
Place,License #,First,Last,City,State,Time,Team
1,110443,Joshua,Carter,Saint Charles ,MO,00:08.8,Midwestern State University
2,233613,Robert,Bush,Louisville,KY,00:09.6,Marian College
3,197984,Matthew,Brandt,St Charles,MO,00:09.8,Lindenwood University
4,290610,Max,Korus,Menlo Park,CA,00:09.9,University of Pennsylvania
5,300267,Pavel,Gonda,New York,NY,00:10.0,New York University
6,202082,Alder,Martz,Charlotte,NC,00:10.2,Lindsey Wilson College
7,211435,Zack,Allison,Fort Collins ,CO,00:10.2,Colorado State University
8,127093,Adam,Switters,Citrus Heights,CA,00:10.3,University of California-Davis
9,170203,Grant,Boursaw,Clatskanie,OR,00:10.3,University of Washington-Seattl
10,218986,Cody,Foster,Houston,TX,00:10.9,Texas A & M University
11,193797,Alister,Ratcliff,Durango,CO,00:11.0,Fort Lewis College
12,248479,Chad,Haga,Fort Collins,CO,00:11.1,Texas A & M University
13,213897,Jordan,Heimer,Athens ,GA,00:11.2,University of Georgia
14,259653,Robert,Stumpf,Beaver,PA,00:11.3,University of Pittsburgh
15,192192,Jesse,Dekrey,Durango,CO,00:11.4,Fort Lewis College
16,207002,Alex,Cox,Portland,ME,00:11.4,University of Vermont
17,187714,Joseph,Kukolla,Indianapolis,IN,00:11.5,Marian College
18,283502,Tim,Norris,Saint Charles,MO,00:11.5,Lindenwood University
19,218778,Julio,Jacobo,Libertyville,IL,00:11.8,University of Wisconsin-Madison
20,284995,Rotem,Ishay,Durango,CO,00:11.9,Fort Lewis College
21,190569,Alexi,Martinez,Costa Mesa,CA,00:12.1,Midwestern State University
22,302003,Roberto,Torres-Aguiar,Allentown,PA,00:12.3,Pennsylvania State University
23,192686,Blake,Anton,Arroyo Grande,CA,00:12.4,California Polytechnic-San Luis
24,214161,Brendan,Benson,Boulder,CO,00:12.5,University of Michigan-Ann Arbo
25,215328,Nathan,Larson,Erie,PA,00:12.5,Lees-McRae College
26,214569,Julian,Martinez,Santa Monica,CA,00:12.7,University of California-Santa
27,150540,Eric,Thompson,Shoreview,MN,00:13.2,Lees-McRae College
28,188242,Clayton,Omer,Louisville,KY,00:13.2,Lindsey Wilson College
29,259649,Joseph,Welsh,Cordova,TN,00:13.3,Lees-McRae College
30,243003,Menso,de Jong,Santa Barbara,CA,00:13.3,California Polytechnic-San Luis
31,276415,Jesse,Goodrich,Louisville,CO,00:13.4,University of Colorado-Boulder
32,196328,Nils,Johnson,Davis,CA,00:13.5,University of California-Davis
33,264494,Joseph,Patterson,Los Angeles,CA,00:13.8,University of California-Los An
34,178443,Caley,Fretz,Boulder,CO,00:13.8,Colorado State University
35,192343,Riley,Oneal,San Diego,CA,00:14.2,University of California-Davis
36,197944,Brian,Crosby,Lansing,MI,00:14.2,University of Minnesota-Twin Ci
37,207324,Alex,Wieseler,Nashville,TN,00:14.2,Marian College
38,237712,Sam,Bassetti,Santa Rosa,CA,00:14.2,University of California-Davis
39,275664,Nick,Hutchinson,Annapolis,MD,00:14.3,US Naval Academy
40,237917,John,Bennett,El Cerrito,CA,00:15.4,California Polytechnic-San Luis
41,188083,John,Cahoy,Stanford,CA,00:15.6,Stanford University
42,233563,Dylan,Jones,Austin,TX,00:15.7,Colorado State University
43,284608,Adrian,Richardson,Portland,OR,00:16.0,Portland State University
44,227135,Daniel,Katz,Goleta,CA,00:16.2,University of California-Santa
45,144633,Benjamin,Zawacki,Greenville,SC,00:16.3,Clemson University
46,132490,Braden,Kappius,Boulder,CO,00:16.4,University of Colorado-Boulder
47,220467,Zachary,Felpel,Boone,NC,00:16.4,Lees-McRae College
48,225765,David,Williams,Grand Rapids,MI,00:16.6,Marian College
49,250645,Jeremy,Durrin,Westhampton,MA,00:16.7,University of Massachusetts-Amh
50,199775,Kip,Spaude,Watertown,WI,00:16.7,Lindsey Wilson College
51,248092,Jonathan,Heile,Madison,WI,00:16.8,University of Wisconsin-Madison
52,249581,Christopher,Haga,Mckinney,TX,00:16.8,Texas A & M University
53,291272,Andrew,Seitz,New York,NY,00:16.9,University of Pittsburgh
54,284354,Derek,Harnden,Burlington,VT,00:17.1,University of Vermont
55,273663,Hunter,Garrison,Birmingham,AL,00:17.1,University of Georgia
56,194512,Ryan,O'Hara,Ketchum,ID,00:17.2,University of Connecticut
57,281578,Andrew,Otte,West Lafayette,IN,00:17.3,Purdue University
58,269732,Chris,Gundling,Laramie,WY,00:17.4,University of Wyoming
59,275731,S Charles,Zamastil,Wichita Falls,TX,00:17.4,Temple University
60,291083,Gregg,Izzo,Randolph,MA,00:17.6,Northeastern University
61,252197,Lee,Peters,Burlington,VT,00:17.7,University of Vermont
62,290106,Austin,Turner,Ogden,UT,00:17.7,University of Iowa
63,175967,David,Glick,Tucson,AZ,00:17.8,University of Arizona
64,259473,Nathan,Kupperstock,Decatur,GA,00:17.8,Boston University
65,191021,Nicholas,Reinert,Mertztown,PA,00:17.9,University of Pittsburgh
66,257669,Kyle,Bruley,Philadelphia,PA,00:17.9,Boston University
67,292230,Davis,Shepherd,Seattle,WA,00:17.9,University of Washington-Seattl
68,270673,Eric,Lau,Hilo,HI,00:17.9,Stanford University
69,244713,David,Kuhns,Beaverton,OR,00:18.3,University of Oregon
70,233175,Josh,Yeaton,Boulder,CO,00:19.0,University of Colorado-Boulder
71,272436,Will,Niemann-Ross,Portland,OR,00:19.5,University of Oregon
72,283504,Owen,Belton,Eagle River,WI,00:19.7,Lindenwood University
73,257611,Hogan,Sills,Terre Haute,IN,00:19.8,Purdue University
74,286434,Steven,Derkits,Owensboro,KY,00:19.9,Pennsylvania State University
75,244892,Joseph,Collins,Mt Airy,GA,00:19.9,University of Georgia
76,246114,Scott,Rosenfield,Lake Forest,IL,00:19.9,Northwestern University
77,282334,Stephen,Leotis,Atlanta,GA,00:20.1,Georgia Institute of Technology
78,230009,Shawn,Gravois,Sarasota,FL,00:20.3,University of Florida
79,287763,Reiss,Kohl,Charlotte,NC,00:20.4,US Naval Academy
80,291645,Marc,Schwartz,Seattle,WA,00:20.4,University of Washington-Seattl
81,235971,Chris,Rodgers,Lawrenceville,NJ,00:20.7,Pennsylvania State University
82,186412,Gregory,Christian,Bryan,TX,00:20.7,Michigan State University
83,207985,Nathaniel,Wilson,Boulder,CO,00:20.8,University of Colorado-Boulder
84,258778,William,Nowak,Wallingford,CT,00:21.4,Northwestern University
85,288263,Kyle,Rohan,Bozeman,MT,00:21.8,University of Florida
86,271187,Justin,Crawford,Richmond,VA,00:21.8,Virginia Polytechnic University
87,288380,Sean,Whiteman,Philadelphia,PA,00:22.0,University of Pennsylvania
88,146653,Cody,Stephenson,Fort Collins,CO,00:22.5,Fort Lewis College
89,213405,Steven,Scalia,Queensbury,NY,00:22.9,University of Vermont
90,272843,Hippolyte,Goux,Riverside,CA,00:23.4,University of California-Los An
91,221018,Reid,Beloni,Pisgah Forest,NC,00:27.0,Virginia Polytechnic University
92,195207,Christopher,Hall,Fort Collins,CO,00:27.4,Colorado State University
93,237283,Joey,Iuliano,Tucson,AZ,00:43.2,Purdue University
94,239743,Michael,Sencenbaugh,Toccoa,GA,00:59.5,University of Arizona
DNF,273704,Bryan,Derstine,Aurora,CO,,Florida State University
DNF,269677,Cedric,Bosch,Tucson,AZ,,University of Arizona
DNF,201136,Jonathan,Baskin,West Hills,CA,,University of California-Los An
DNF,256071,Danny,Robertson,Colorado Springs ,CO,,Midwestern State University
DNF,255477,Kyle,Gheres,Port Matilda,PA,,Pennsylvania State University
DNF,253847,John,Crow,Mint Hill,NC,,North Carolina State University
DNF,260061,Greg,Hercules,Bryan,TX,,Texas A & M University
DNF,277829,Jacob,Roche,Annapolis,MD,,US Naval Academy
DNF,258925,Jonathan,Cook,Madison,WI,,University of Wisconsin-Madison
DNF,292684,Allen,Stewart,Eugene,OR,,University of Oregon
DNF,283375,Matthew,Furlow,Philadelphia,PA,,University of Pennsylvania
DNF,254851,James,Pradun,Kirkwood,MO,,University of Wisconsin-Madison
DNF,281228,Ian,Murray,Mountain View,CA,,Northwestern University
DNF,272367,Ross,Marklein,Laurel,MD,,University of Pennsylvania
DNF,275346,Jordan,Louie,Lake Forest Park,WA,,University of Washington-Seattl
DNF,289714,Walker,Owen,Richmond,VA,,North Carolina State University
DNF,290881,Azul,Eckman,Eugene,OR,,University of Oregon
DNF,219421,Nathan,Pfaff,Goleta,CA,,University of California-Santa
DNF,288181,Joseph,Stehlin,Annapolis,MD,,US Naval Academy
DNF,275956,Elliot,Hawkes,Stanford,CA,,Stanford University
DNF,168216,Jason,Short,Lakewood,CO,,Midwestern State University
DNF,265143,Benjamin,Hobson,Tucson,AZ,,University of Arizona
DNF,287860,Nat,Bricker,Gainesville,FL,,University of Florida
DNF,291573,Andrew,Buntz,West Des Moines,IA,,University of Iowa
DNF,291066,Sean,Vig,Urbana,IL,,University of Minnesota-Twin Ci
DNF,232232,Brandon,Krawczyk,Saint Paul,MN,,University of Minnesota-Twin Ci
DNF,277388,Chris,Moore,Woodridge,IL,,University of Iowa
DNF,292555,Joe,Nellis,Iowa City,IA,,University of Iowa

05/08/2010 Criterium Women D2 Nationals Crit
Place,License #,First,Last,City,State,Time,Team
1,214757,Arielle,Filiberti,Worcester,MA,43:47.6,Dartmouth College
2,223064,Kendi,Thomas,Walla Walla,WA,43:47.8,Whitman College
3,269149,Rita,Klofta,Greencastle,IN,43:48.3,DePauw University
4,241864,Martha,Buckley,Cambridge,MA,44:54.3,Massachusetts Institute of Tech
5,260140,Kimberley,Turner,Chapel Hill,NC,44:55.0,Seattle Pacific University
6,276157,Claire,McKenna,Berlin,MA,44:55.2,Dartmouth College
7,241752,Mia,Huth,Turlock,CA,44:55.7,Whitman College
8,170202,Amara,Boursaw,Renton ,WA,44:56.5,Pacific Lutheran University
9,256147,Julia,Tellman,Victor,ID,44:57.1,Brevard College
10,290945,Sarah,Bowman,Providence,RI,44:57.2,Yale University
11,275441,Elle,Anderson,San Francisco,CA,44:57.4,Dartmouth College
12,287905,Lindsy,Campbell,Missoula,MT,44:57.9,University of Montana
13,289751,Laura,Ralston,Cambridge,MA,44:58.0,Massachusetts Institute of Tech
14,290993,Elizabeth,Lauer,Holmen,WI,44:59.3,University of Wisconsin-Whitewa
15,262453,Courtenay,McFadden,Bellingham,WA,45:00.0,Western Washington University
16,225028,Elena,Dorr,Minneapolis,MN,45:00.5,Illinois Institute of Technolog
17,231228,Elizabeth,Lee,Greenville,SC,45:00.9,Mercer University
18,290104,Elizabeth,Martin,Adel,IA,45:01.3,University of Northern Colorado
19,257093,Yuri,Matsumoto,Cambridge,MA,45:01.4,Massachusetts Institute of Tech
20,203391,Netana,Hotimsky,Grand Junction,CO,45:11.1,Mesa State College
21,246298,Roxanne,Pierson,Walla Walla,WA,45:11.7,Whitman College
22,262860,Caitlin,Marine,Northfield,MN,45:29.7,St. Olaf College
23,258437,Jennifer,Perricone,Lake Mills,WI,45:29.8,University of Notre Dame
24,312958,Silvia,Moelk,Grand Junction,CO,45:29.9,Mesa State College
25,273872,Emily,Rodriguez,Walla Walla,WA,46:55.5,Whitman College
26,251494,Kelsey,Hassin,West Point,NY,46:57.1,US Military Academy
27,306015,Klara,Rossouw,Marshall,NC,46:57.3,Mars Hill College
28,289530,Yolanda,Colon,Marion,NC,46:58.0,Mars Hill College
DNS,254750,Zuzana,Trnovcova,Cambridge,MA,,Massachusetts Institute of Tech

05/08/2010 Criterium Women D1 Nationals Crit
Place,License #,First,Last,City,State,Time,Team
1,193628,Jennifer,Purcell,Austin,TX,43:50.9,Midwestern State University
2,232757,Carla,Swart,Anytown,NC,43:51.0,Lees-McRae College
3,288408,Leia,Tyrrell,Corvallis,OR,43:51.6,Oregon State University
4,292029,Flora,Duffy,Boulder,CO,43:51.6,University of Colorado-Boulder
5,171289,Sinead,Miller,Nashville,TN,43:51.7,Marian College
6,272466,Courtney,O'Donnell,El Segundo,CA,43:51.7,University of California-Los An
7,214920,Chloe,Forsman,Prescott,AZ,43:52.1,University of Arizona
8,115830,Magen,Long,Oklahoma City,OK,43:52.3,Fort Lewis College
9,230062,Erica,Zaveta,Brevard,NC,43:52.9,Lees-McRae College
10,272022,Tammy,Wildgoose,San Diego,CA,43:54.8,University of California-San Di
11,233106,Melissa (Missy),Erickson,Mertztown,PA,43:56.2,Fort Lewis College
12,200801,Rachel,Warner,Anna,TX,43:57.6,Lees-McRae College
13,181367,Danielle,Haulman,Davis,CA,44:00.1,University of California-Davis
14,291369,KimberlyAnn,Zubris,Alburtis,PA,44:00.3,Boston University
15,272836,Peggy,LeGrand,Ladson,SC,44:02.0,US Naval Academy
16,294884,Holly,Mathews,Madison,WI,44:02.8,University of Wisconsin-Madison
17,196731,Melanie,Meyers,Flagstaff,AZ,44:03.3,University of Arizona
18,219841,Ashley,James,Dousman,WI,44:03.6,Lindsey Wilson College
19,245823,Rebecca,Finley,Indianapolis,IN,44:03.8,Marian College
20,265893,Anna,Young,Syracuse,NY,44:04.2,Marian College
21,263476,Kelley,Hess,,,44:04.3,University of Wisconsin-Madison
22,257079,Sara,Painter,Los Angeles,CA,44:04.6,University of California-Los An
23,289127,Kelly,Egan,Madison,WI,44:04.7,University of Wisconsin-Madison
24,293174,Katy,Applin,Winston-salem,NC,44:04.7,Northeastern University
25,214335,Lisa,Auchincloss,Auburn,CA,44:05.6,University of California-Davis
26,182253,Jacqueline,Kurth,Palm City,FL,44:06.6,Marian College
27,275320,Sarah,Sturm,Durango,CO,44:08.3,Fort Lewis College
28,208824,Kim,Trenbath,Boulder,CO,44:09.4,University of Colorado-Boulder
29,305347,Claire,Routledge,Wichitafalls,TX,44:09.7,Midwestern State University
30,272896,Cinthia,Lehner,Greer,SC,44:14.8,Lees-McRae College
31,308837,Natalie,Smith,San Antonio ,TX,44:29.3,Purdue University
32,256409,Amy,Chandos,Flagstaff,AZ,45:01.9,University of California-Davis
33,256152,Rae,Brownsberger,Boulder,CO,45:02.0,Stanford University
34,302381,Megan,Melack,Santa Cruz,CA,45:02.1,University of California-Santa
35,274696,Larissa,Fitchett,Silverado,CA,45:02.4,University of California-Davis
36,196519,Devon,Simpson,Seattle,WA,45:02.4,University of Washington-Seattl
37,156050,Lauren,Shirock,Emmaus,PA,45:02.4,Pennsylvania State University
38,272199,Sarah,Patz,Santa Barbara,CA,45:02.5,University of California-Santa
39,279164,Rachel,Nosheny,Palo Alto,CA,45:02.5,Stanford University
40,287156,Stephanie,Skoreyko,Slc,UT,45:02.5,University of Utah
41,307543,Ashley,Nice,Fortcollins,CO,45:02.5,Colorado State University
42,281559,Kathryn,Hicks,Sunnyvale,CA,45:02.5,California Polytechnic-San Luis
43,297488,Courtney,O'Neill,Chicago,IL,45:02.8,Northwestern University
44,263876,Judy,Jenkins,Tucson,AZ,45:32.6,University of Arizona
45,308334,Heather,Fischer,Del Rio,TX,45:32.7,University of Colorado-Boulder
46,284803,Jena,Greaser,Barkhamsted,CT,45:32.7,University of Connecticut
47,269269,Jessica,Kutz,State College ,PA,45:32.7,Pennsylvania State University
48,275266,Phoebe,Erdman,Boulder,CO,45:32.7,University of Colorado-Boulder
49,212128,Rachelle,Hobson,Eugene,OR,45:32.7,University of Oregon
50,289770,Eun Young,Choi,Cambridge,MA,45:32.7,Harvard University
51,239760,Rebecca,Chan,Baltimore,MD,45:32.7,University of Pennsylvania
52,291607,Allie,Dragoo,Grand Rapids,MI,45:32.8,Lindsey Wilson College
53,290708,Kathryn,Tolle,Columbus,OH,45:33.8,Ohio State University
54,243858,Brenna,Wozniak,Fort Collins,CO,45:33.8,Colorado State University
55,290511,Axie,Navas,Eagle,CO,45:33.8,Northwestern University
56,229078,Morgan,Farnsworth,Schnecksville,PA,45:33.8,Pennsylvania State University
57,287595,Carolyn,Horiye,Annapolis,MD,45:33.8,US Naval Academy
58,289865,Kimberly,Truitt,Tucson,AZ,45:33.8,University of Arizona
59,309185,Marlena,Grovenstein,Colorado Springs,CO,45:33.8,Colorado State University
60,289294,Lisa,Toner,Seattle,WA,45:33.8,University of Washington-Seattl
61,270694,Lindsey,Durst,Kirkwood,MO,45:33.8,University of Wisconsin-Madison
62,261891,Maggie,Sullivan,Boulder,CO,45:33.9,Northeastern University
DNF,215956,Brooke,Crum,Westerville,OH,,Lindsey Wilson College
DNF,294651,Zoe,Roy,Bend,OR,,University of Utah
DNF,197758,Loren,Eggenschwiler,Wichita Falls,TX,,Midwestern State University
DNF,274164,Emily,Fancher,Lawrenceville,GA,,University of Georgia
DNF,252835,Whitney,Schultz,Fort Collins,CO,,University of Texas-Austin
DNF,199903,Sage,Wilderman,Fraser,CO,,Fort Lewis College
DNF,286351,Katherine,Reinhart,Seattle,WA,,University of Oregon
DNF,202115,Marilyn,Cullinane,Greenville,SC,,Midwestern State University

05/07/2010 Road Race Men D2 Nationals RR
Place,License #,First,Last,City,State,Time,Team
1,253558,Cory,Scott,Richmond,VA,3:30:49,College of William and Mary
2,210769,Pat,Lemieux,Saint Paul,MN,3:31:24,Minnesota State University-Mank
3,301115,Richard,Geng,Salinas,CA,3:31:28,Mesa State College
4,193830,Andrew,Baker,Easley,SC,3:31:46,Furman University
5,250723,Colin,Gibson,Portland,OR,3:32:01,Whitman College
6,216334,Logan,Wetzel,Bellingham,WA,3:34:28,Western Washington University
7,269412,Adam,Koble,Tulsa,OK,3:35:25,University of Wisconsin-Eau Cla
8,184284,Ian,Crane,Seattle,WA,3:35:26,Whatcom Community College
9,133889,Ben,Damhoff,Morrison,IL,3:35:28,University of Wisconsin-Plattev
10,276577,Scott,Lipp,Bozeman,MT,3:35:33,Montana State University-Bozema
11,256718,Colin,Don,Los Angeles,CA,3:35:36,University of Denver
12,274079,Benjamin,Rathkamp,Bellingham,WA,3:35:37,Western Washington University
13,259043,John,ShalekBriski,Spokane,WA,3:35:50,US Air Force Academy
14,305979,Ryan,Sullivan,Nashville,TN,3:36:04,Cumberland University
15,204225,Steve,Fisher,Bellingham,WA,3:36:36,Western Washington University
16,284687,Matthew,Willing,Weaverville,NC,3:36:42,Mars Hill College
17,259029,Corey,Meyer,Little Falls,MN,3:36:44,Brevard College
18,282747,Jonathan,Dreher,Mercer Island,WA,3:36:47,Massachusetts Institute of Tech
19,161188,Tristin,Bentzler,Chippewa Falls,WI,3:37:00,University of Wisconsin-Eau Cla
20,270588,Robert,Ferris,Minneapolis ,MN,3:37:21,Duke University
21,237586,Kevin,Mullervy,Centennial,CO,3:37:38,Mesa State College
22,278867,Gael,Hagan,Durham,NC,3:37:55,Duke University
23,201783,Ryan,Smolko,Mifflinburg,PA,3:38:17,Kutztown University of Pennsylv
24,184027,Joe,Lewis,Edina,MN,3:40:04,University of Denver
25,217099,Ryan,Short,Kirkland,WA,3:40:06,Western Washington University
26,208152,Luke,Ramseth,Idaho Falls,ID,3:42:42,Humboldt State University
27,209846,John,Rhoden,Indianapolis,IN,3:44:05,Massachusetts Institute of Tech
28,268204,Paul,Webb,Bellevue,NE,3:45:04,Mars Hill College
29,224140,Timbah,Bell,Walla Walla,WA,3:46:38,Whitman College
30,200545,Ross,White,Holmen,WI,3:48:18,University of Wisconsin-Whitewa
31,178840,Maxwell,Anderson,Hartford,WI,3:49:09,University of Wisconsin-Plattev
32,250718,Tim,Humpton,Jamison,PA,3:52:46,Massachusetts Institute of Tech
33,272622,Douglass,Endrizzi,Scarborough,ME,3:58:43,Yale University
34,276967,Gregory,Keith,Birmingham,AL,4:12:16,US Military Academy
35,274033,Kyle,Knott,Rock Hill,SC,4:12:16,Mars Hill College
36,289821,Maciej,Balajewicz,Champaign,IL,4:12:17,Duke University
37,163551,Tony,Damhoff,Lake Mills,WI,4:12:17,University of Wisconsin-Plattev
38,306516,Francisco,Fuster,Mars Hill,NC,4:12:18,Mars Hill College
DNF,248002,Evan,Cooper,Brookyln,NY,,Tufts University
DNF,222052,Tucker,Sawin,Washington,DC,,Georgetown University
DNF,251580,Arthur,Moran,Jamaica Plain,MA,,Wentworth Institute of Technolo
DNF,272490,Mariusz,Czarnomski,Cedar Rapids,IA,,University of North Dakota
DNF,191703,Thomas,Brown,Athens,GA,,Emory University
DNF,238230,Cory,St Clair,Cincinnati,OH,,Xavier University
DNF,289525,Nikola,Milanovic,Mars Hill,NC,,Mars Hill College
DNF,251832,Robert,Burnett,Golden,CO,,Franklin and Marshall College
DNF,257506,Patrick,Barter,Wilder,VT,,Dartmouth College
DNF,270026,Matthew,Nichols,Hanover,NH,,Dartmouth College
DNF,223464,Jeffrey,Salvitti,San Francisco,CA,,Bucknell University
DNF,261002,Ben,Chaddock,Walla Walla,WA,,Whitman College
DNF,179448,Thomas,Clark,Fort Collins,CO,,University of Wisconsin-Plattev
DNF,257940,Aaron,Cravez,Lewisburg,PA,,Bucknell University
DNF,240194,Brian,Kaker,Milwaukee,WI,,University of Wisconsin-Whitewa
DNF,171151,Spencer,Beamer,Greenville,SC,,Furman University
DNF,237726,Conor,Mullervy,Boulder,CO,,Mesa State College
DNF,252598,Michael,Niemi,Gainesville,FL,,Duke University
DNF,211728,Matt,St Marie,Brevard,NC,,Brevard College
DNF,277019,Jonathan,Marshall,Chambersburg,PA,,Shippensburg University of Penn
DNF,269189,Alejandro,Padilla,Lebanon,TN,,Cumberland University
DNF,256402,Aaron,Meyers,Lewisburg,PA,,Bucknell University
DNF,282323,Joe,Pigga,Bethelehem,PA,,Lehigh University
DNF,42851,Michael,Garrett,Boulder,CO,,Massachusetts Institute of Tech
DNF,286436,Brendon,Gallant,Salem,OR,,Willamette University
DNF,213223,Douglas,Ansel,Madison,WI,,University of Notre Dame
DNF,269789,Justin,Goodin,Clovis,NM,,US Air Force Academy
DNF,243366,Joe,Magro,Acton,MA,,University of Notre Dame
DNF,235849,Zachary,LaBry,Los Angeles,CA,,Massachusetts Institute of Tech
DNF,305840,Brock,Logan,Centennial,CO,,US Air Force Academy
DNF,238986,Craig,McKinney,Greenville,SC,,Furman University
DNF,301113,Patric,Rostel,Grand Junction,CO,,Mesa State College
DNF,290921,James,Mitchell,Mableton,GA,,Furman University
DNF,106153,Kyle,Wagner,Doylestown,PA,,Lehigh University
DNF,220038,Elliot,DuMont,Tucson,AZ,,Claremont Colleges Consortium
DNF,258509,Waylon,Janowiak,Michigan City,IN,,Illinois Institute of Technolog
DNF,199142,Trevor,Eide,Portland,ME,,Dartmouth College
DNF,276879,Alex,Abarbanel-Grossman,Bloomfield,NJ,,Middlebury College

05/07/2010 Road Race Men D1 Nationals RR
Place,License #,First,Last,City,State,Time,Team
1,192686,Blake,Anton,Arroyo Grande,CA,3:22:34,California Polytechnic-San Luis
2,269098,Adam,Wisseman,Corvallis,OR,3:22:34,Colorado State University
3,243003,Menso,de Jong,Santa Barbara,CA,3:23:18,California Polytechnic-San Luis
4,284995,Rotem,Ishay,Durango,CO,3:23:33,Fort Lewis College
5,248479,Chad,Haga,Fort Collins,CO,3:23:37,Texas A & M University
6,193797,Alister,Ratcliff,Durango,CO,3:23:40,Fort Lewis College
7,233175,Josh,Yeaton,Boulder,CO,3:23:54,University of Colorado-Boulder
8,186412,Gregory,Christian,Bryan,TX,3:23:57,Michigan State University
9,259649,Joseph,Welsh,Cordova,TN,3:23:58,Lees-McRae College
10,233613,Robert,Bush,Louisville,KY,3:24:03,Marian College
11,264350,Kerry,Werner,Birdsboro,PA,3:24:07,Lees-McRae College
12,175967,David,Glick,Tucson,AZ,3:24:17,University of Arizona
13,300267,Pavel,Gonda,New York,NY,3:24:19,New York University
14,201136,Jonathan,Baskin,West Hills,CA,3:24:24,University of California-Los An
15,178443,Caley,Fretz,Boulder,CO,3:24:28,Colorado State University
16,127093,Adam,Switters,Citrus Heights,CA,3:24:31,University of California-Davis
17,199775,Kip,Spaude,Watertown,WI,3:24:45,Lindsey Wilson College
18,230258,Will,Riffelmacher,San Francisco,CA,3:24:48,University of California-Davis
19,195008,Scot,Ferguson,Minneapolis,MN,3:24:52,University of Nevada-Reno
20,237917,John,Bennett,El Cerrito,CA,3:24:52,California Polytechnic-San Luis
21,168216,Jason,Short,Lakewood,CO,3:24:54,Midwestern State University
22,179203,Jason,Woods,Boulder,CO,3:25:00,University of Colorado-Boulder
23,290610,Max,Korus,Menlo Park,CA,3:25:10,University of Pennsylvania
24,233563,Dylan,Jones,Austin,TX,3:25:23,Colorado State University
25,187714,Joseph,Kukolla,Indianapolis,IN,3:25:32,Marian College
26,282334,Stephen,Leotis,Atlanta,GA,3:25:35,Georgia Institute of Technology
27,239743,Michael,Sencenbaugh,Toccoa,GA,3:25:39,University of Arizona
28,218986,Cody,Foster,Houston,TX,3:26:17,Texas A & M University
29,196328,Nils,Johnson,Davis,CA,3:26:17,University of California-Davis
30,272436,Will,Niemann-Ross,Portland,OR,3:27:27,University of Oregon
31,242441,Alexander,Yeh,Los Altos Hills,CA,3:27:32,University of California-Los An
32,207985,Nathaniel,Wilson,Boulder,CO,3:30:25,University of Colorado-Boulder
33,257611,Hogan,Sills,Terre Haute,IN,3:30:40,Purdue University
34,240464,Weston,Luzadder,Carmel,IN,3:31:06,Marian College
35,192115,Bradford,Perley,Brevard,NC,3:31:48,Lees-McRae College
36,250645,Jeremy,Durrin,Westhampton,MA,3:33:05,University of Massachusetts-Amh
37,289933,Jacob,Bobrow,Burlington,VT,3:33:40,University of Vermont
38,215328,Nathan,Larson,Erie,PA,3:34:03,Lees-McRae College
39,244713,David,Kuhns,Beaverton,OR,3:35:29,University of Oregon
40,272843,Hippolyte,Goux,Riverside,CA,3:36:56,University of California-Los An
41,276415,Jesse,Goodrich,Louisville,CO,3:37:32,University of Colorado-Boulder
42,132490,Braden,Kappius,Boulder,CO,3:41:13,University of Colorado-Boulder
43,271187,Justin,Crawford,Richmond,VA,3:43:45,Virginia Polytechnic University
44,266854,Nathan,Trimble,San Marcos,TX,3:44:04,Lees-McRae College
45,191021,Nicholas,Reinert,Mertztown,PA,3:44:31,University of Pittsburgh
46,281228,Ian,Murray,Mountain View,CA,3:44:38,Northwestern University
47,273533,Arnaud,Borner,Mountain View,CA,3:44:39,Pennsylvania State University
48,275956,Elliot,Hawkes,Stanford,CA,3:44:49,Stanford University
49,254352,Christopher,Bogedin,Rochester Hills,MI,3:45:09,Lindsey Wilson College
50,191725,Ian,Burnett,Durango,CO,3:45:17,Fort Lewis College
51,269732,Chris,Gundling,Laramie,WY,3:45:25,University of Wyoming
52,188083,John,Cahoy,Stanford,CA,3:45:29,Stanford University
53,270673,Eric,Lau,Hilo,HI,3:45:37,Stanford University
54,277388,Chris,Moore,Woodridge,IL,3:45:57,University of Iowa
55,273234,Wyatt,Stoup,Cochranville,PA,3:46:34,Pennsylvania State University
56,284608,Adrian,Richardson,Portland,OR,3:47:14,Portland State University
57,218778,Julio,Jacobo,Libertyville,IL,3:47:30,University of Wisconsin-Madison
58,275664,Nick,Hutchinson,Annapolis,MD,3:48:54,US Naval Academy
59,272367,Ross,Marklein,Laurel,MD,3:49:14,University of Pennsylvania
60,160019,Trevor,Connor,Boulder,CO,3:51:14,Colorado State University
61,220857,Michael,Miller,Menlo Park,CA,3:52:30,Stanford University
62,291083,Gregg,Izzo,Randolph,MA,3:55:53,Northeastern University
63,257669,Kyle,Bruley,Philadelphia,PA,3:55:53,Boston University
64,214161,Brendan,Benson,Boulder,CO,3:59:21,University of Michigan-Ann Arbo
65,291645,Marc,Schwartz,Seattle,WA,3:59:45,University of Washington-Seattl
66,271673,Matt,Johnson,Central,SC,4:01:43,Clemson University
67,277829,Jacob,Roche,Annapolis,MD,4:05:01,US Naval Academy
68,265488,Kyle,McElhaney,Alamogordo,NM,4:22:18,University of Florida
DNF,287763,Reiss,Kohl,Charlotte,NC,,US Naval Academy
DNF,256071,Danny,Robertson,Colorado Springs ,CO,,Midwestern State University
DNF,197984,Matthew,Brandt,St Charles,MO,,Lindenwood University
DNF,272691,Frank,Marrs,Fort Collins,CO,,University of California-Davis
DNF,248092,Jonathan,Heile,Madison,WI,,University of Wisconsin-Madison
DNF,292569,Matias,Perret,Iowa City,IA,,University of Iowa
DNF,110443,Joshua,Carter,Saint Charles ,MO,,Midwestern State University
DNF,225765,David,Williams,Grand Rapids,MI,,Marian College
DNF,292684,Allen,Stewart,Eugene,OR,,University of Oregon
DNF,195207,Christopher,Hall,Fort Collins,CO,,Colorado State University
DNF,185341,Todd,Elenz,Salem,OR,,Midwestern State University
DNF,288263,Kyle,Rohan,Bozeman,MT,,University of Florida
DNF,237712,Sam,Bassetti,Santa Rosa,CA,,University of California-Davis
DNF,290106,Austin,Turner,Ogden,UT,,University of Iowa
DNF,291414,Jonathan,Teeter,Santa Rosa,CA,,University of California-Davis
DNF,260025,Galen,Mittermann,Eugene,OR,,University of Oregon
DNF,289714,Walker,Owen,Richmond,VA,,North Carolina State University
DNF,222506,Russell,Brown,Gaithersburg,MD,,Fort Lewis College
DNF,290881,Azul,Eckman,Eugene,OR,,University of Oregon
DNF,219421,Nathan,Pfaff,Goleta,CA,,University of California-Santa
DNF,230009,Shawn,Gravois,Sarasota,FL,,University of Florida
DNF,161688,Matthew,Fox,Highland Park,IL,,Midwestern State University
DNF,259473,Nathan,Kupperstock,Decatur,GA,,Boston University
DNF,287759,Zachary,McIntyre,Dawsonville,GA,,US Naval Academy
DNF,190569,Alexi,Martinez,Costa Mesa,CA,,Midwestern State University
DNF,284284,Peter,Haile,Barbourville,KY,,Lees-McRae College
DNF,215163,Daniel,Estevez,Worcester,MA,,Lindsey Wilson College
DNF,273581,David,Stroot,Quincy,IL,,Lindenwood University
DNF,244756,Matthew,Miyamoto,Fort Collins,CO,,Colorado State University
DNF,273704,Bryan,Derstine,Aurora,CO,,Florida State University
DNF,259653,Robert,Stumpf,Beaver,PA,,University of Pittsburgh
DNF,283504,Owen,Belton,Eagle River,WI,,Lindenwood University
DNF,242892,Matthew,Buckley,Burlington,VT,,University of Vermont
DNF,269677,Cedric,Bosch,Tucson,AZ,,University of Arizona
DNF,269761,Jose,Molina,San Francisco,CA,,University of California-Los An
DNF,292230,Davis,Shepherd,Seattle,WA,,University of Washington-Seattl
DNF,255477,Kyle,Gheres,Port Matilda,PA,,Pennsylvania State University
DNF,253847,John,Crow,Mint Hill,NC,,North Carolina State University
DNF,273663,Hunter,Garrison,Birmingham,AL,,University of Georgia
DNF,235971,Chris,Rodgers,Lawrenceville,NJ,,Pennsylvania State University
DNF,258925,Jonathan,Cook,Madison,WI,,University of Wisconsin-Madison
DNF,258778,William,Nowak,Wallingford,CT,,Northwestern University
DNF,174734,Joshua,Nagode,Sheboygan,WI,,Lindsey Wilson College
DNF,146653,Cody,Stephenson,Fort Collins,CO,,Fort Lewis College
DNF,227135,Daniel,Katz,Goleta,CA,,University of California-Santa
DNF,283375,Matthew,Furlow,Philadelphia,PA,,University of Pennsylvania
DNF,153282,Matthew,Jones,Tucson,AZ,,University of Arizona
DNF,221190,Adam,Leibovitz,Indianapolis,IN,,Marian College
DNF,254851,James,Pradun,Kirkwood,MO,,University of Wisconsin-Madison
DNF,207324,Alex,Wieseler,Nashville,TN,,Marian College
DNF,252197,Lee,Peters,Burlington,VT,,University of Vermont
DNF,229172,Chris,Hurst,Lake Geneva,WI,,University of Colorado-Boulder
DNF,291272,Andrew,Seitz,New York,NY,,University of Pittsburgh
DNF,283503,Nicholas,Chevalley,Saint Charles,MO,,Lindenwood University
DNF,288380,Sean,Whiteman,Philadelphia,PA,,University of Pennsylvania
DNF,246114,Scott,Rosenfield,Lake Forest,IL,,Northwestern University
DNF,237283,Joey,Iuliano,Tucson,AZ,,Purdue University
DNF,275346,Jordan,Louie,Lake Forest Park,WA,,University of Washington-Seattl
DNF,249581,Christopher,Haga,Mckinney,TX,,Texas A & M University
DNF,290603,Tristan,Baldwin,Amherst,NH,,University of Vermont
DNF,275731,S Charles,Zamastil,Wichita Falls,TX,,Temple University
DNF,221018,Reid,Beloni,Pisgah Forest,NC,,Virginia Polytechnic University
DNF,284354,Derek,Harnden,Burlington,VT,,University of Vermont
DNF,164378,Jeremy,Shirock,Emmaus,PA,,Pennsylvania State University
DNF,188242,Clayton,Omer,Louisville,KY,,Lindsey Wilson College
DNF,288181,Joseph,Stehlin,Annapolis,MD,,US Naval Academy
DNF,265143,Benjamin,Hobson,Tucson,AZ,,University of Arizona
DNF,287860,Nat,Bricker,Gainesville,FL,,University of Florida
DNF,214569,Julian,Martinez,Santa Monica,CA,,University of California-Santa
DNF,291573,Andrew,Buntz,West Des Moines,IA,,University of Iowa
DNF,213405,Steven,Scalia,Queensbury,NY,,University of Vermont
DNF,292555,Joe,Nellis,Iowa City,IA,,University of Iowa
DNF,281578,Andrew,Otte,West Lafayette,IN,,Purdue University
DNF,192192,Jesse,Dekrey,Durango,CO,,Fort Lewis College
DNF,302003,Roberto,Torres-Aguiar,Allentown,PA,,Pennsylvania State University
DNF,291066,Sean,Vig,Urbana,IL,,University of Minnesota-Twin Ci
DNF,194512,Ryan,O'Hara,Ketchum,ID,,University of Connecticut

05/07/2010 Road Race Women D2 Nationals RR
Place,License #,First,Last,City,State,Time,Team
1,214757,Arielle,Filiberti,Worcester,MA,3:28:46,Dartmouth College
2,241864,Martha,Buckley,Cambridge,MA,3:28:57,Massachusetts Institute of Tech
3,223064,Kendi,Thomas,Walla Walla,WA,3:29:23,Whitman College
4,275441,Elle,Anderson,San Francisco,CA,3:29:37,Dartmouth College
5,289751,Laura,Ralston,Cambridge,MA,3:29:49,Massachusetts Institute of Tech
6,269149,Rita,Klofta,Greencastle,IN,3:30:02,DePauw University
7,287905,Lindsy,Campbell,Missoula,MT,3:30:20,University of Montana
8,257093,Yuri,Matsumoto,Cambridge,MA,3:30:58,Massachusetts Institute of Tech
9,290993,Elizabeth,Lauer,Holmen,WI,3:30:58,University of Wisconsin-Whitewa
10,260140,Kimberley,Turner,Chapel Hill,NC,3:32:43,Seattle Pacific University
11,262453,Courtenay,McFadden,Bellingham,WA,3:33:15,Western Washington University
12,276157,Claire,McKenna,Berlin,MA,3:33:38,Dartmouth College
13,273872,Emily,Rodriguez,Walla Walla,WA,3:33:39,Whitman College
14,312958,Silvia,Moelk,Grand Junction,CO,3:36:20,Mesa State College
15,290945,Sarah,Bowman,Providence,RI,3:37:22,Yale University
16,275275,CHELSEA,MOMANY,Seattle,WA,3:40:08,Whitman College
17,290104,Elizabeth,Martin,Adel,IA,3:42:53,University of Northern Colorado
18,231228,Elizabeth,Lee,Greenville,SC,3:48:40,Mercer University
19,262860,Caitlin,Marine,Northfield,MN,3:55:41,St. Olaf College
20,203391,Netana,Hotimsky,Grand Junction,CO,4:10:45,Mesa State College
21,306015,Klara,Rossouw,Marshall,NC,4:37:22,Mars Hill College
22,289530,Yolanda,Colon,Marion,NC,4:41:37,Mars Hill College
23,251494,Kelsey,Hassin,West Point,NY,5:00:00,US Military Academy
DNF,241752,Mia,Huth,Turlock,CA,,Whitman College
DNF,258437,Jennifer,Perricone,Lake Mills,WI,,University of Notre Dame
DNF,256147,Julia,Tellman,Victor,ID,,Brevard College
DNF,215403,Eloise,Zimbelman,Walla Walla,WA,,Whitman College
DNF,246298,Roxanne,Pierson,Walla Walla,WA,,Whitman College
DNF,254750,Zuzana,Trnovcova,Cambridge,MA,,Massachusetts Institute of Tech
DNF,225028,Elena,Dorr,Minneapolis,MN,,Illinois Institute of Technolog

05/07/2010 Road Race Women D1 Nationals RR
Place,License #,First,Last,City,State,Time,Team
1,232757,Carla,Swart,Anytown,NC,3:06:14,Lees-McRae College
2,272466,Courtney,O'Donnell,El Segundo,CA,3:06:52,University of California-Los An
3,171289,Sinead,Miller,Nashville,TN,3:06:59,Marian College
4,196731,Melanie,Meyers,Flagstaff,AZ,3:07:23,University of Arizona
5,274696,Larissa,Fitchett,Silverado,CA,3:07:57,University of California-Davis
6,292029,Flora,Duffy,Boulder,CO,3:08:04,University of Colorado-Boulder
7,200801,Rachel,Warner,Anna,TX,3:08:08,Lees-McRae College
8,256409,Amy,Chandos,Flagstaff,AZ,3:10:19,University of California-Davis
9,193628,Jennifer,Purcell,Austin,TX,3:12:18,Midwestern State University
10,214920,Chloe,Forsman,Prescott,AZ,3:15:05,University of Arizona
11,287156,Stephanie,Skoreyko,Slc,UT,3:16:12,University of Utah
12,230062,Erica,Zaveta,Brevard,NC,3:16:24,Lees-McRae College
13,252835,Whitney,Schultz,Fort Collins,CO,3:16:25,University of Texas-Austin
14,257079,Sara,Painter,Los Angeles,CA,3:16:51,University of California-Los An
15,272022,Tammy,Wildgoose,San Diego,CA,3:17:09,University of California-San Di
16,302381,Megan,Melack,Santa Cruz,CA,3:17:31,University of California-Santa
17,263476,Kelley,Hess,,,3:17:55,University of Wisconsin-Madison
18,288408,Leia,Tyrrell,Corvallis,OR,3:17:57,Oregon State University
19,256152,Rae,Brownsberger,Boulder,CO,3:18:05,Stanford University
20,272836,Peggy,LeGrand,Ladson,SC,3:18:13,US Naval Academy
21,287199,Kristin,Parrinella,La Jolla,CA,3:18:23,University of California-Davis
22,214335,Lisa,Auchincloss,Auburn,CA,3:18:29,University of California-Davis
23,308334,Heather,Fischer,Del Rio,TX,3:18:35,University of Colorado-Boulder
24,115830,Magen,Long,Oklahoma City,OK,3:20:11,Fort Lewis College
25,265893,Anna,Young,Syracuse,NY,3:21:19,Marian College
26,272896,Cinthia,Lehner,Greer,SC,3:22:56,Lees-McRae College
27,245823,Rebecca,Finley,Indianapolis,IN,3:23:17,Marian College
28,272818,Kira,Shoemaker,Banner Elk,NC,3:23:29,Lees-McRae College
29,293174,Katy,Applin,Winston-salem,NC,3:24:09,Northeastern University
30,294884,Holly,Mathews,Madison,WI,3:26:40,University of Wisconsin-Madison
31,275320,Sarah,Sturm,Durango,CO,3:26:52,Fort Lewis College
32,270694,Lindsey,Durst,Kirkwood,MO,3:26:59,University of Wisconsin-Madison
33,170782,Megan,Somerville,Indianapolis,IN,3:27:02,Marian College
34,287336,Natalie,Koch,Syracuse,NY,3:27:06,University of Colorado-Boulder
35,289770,Eun Young,Choi,Cambridge,MA,3:27:09,Harvard University
36,263876,Judy,Jenkins,Tucson,AZ,3:27:20,University of Arizona
37,289127,Kelly,Egan,Madison,WI,3:28:19,University of Wisconsin-Madison
38,294651,Zoe,Roy,Bend,OR,3:28:30,University of Utah
39,307543,Ashley,Nice,Fortcollins,CO,3:31:58,Colorado State University
40,208824,Kim,Trenbath,Boulder,CO,3:33:01,University of Colorado-Boulder
41,284803,Jena,Greaser,Barkhamsted,CT,3:33:22,University of Connecticut
42,289294,Lisa,Toner,Seattle,WA,3:36:01,University of Washington-Seattl
43,290511,Axie,Navas,Eagle,CO,3:37:19,Northwestern University
44,289396,Tisza,Bell,Bozeman,MT,3:37:24,University of Colorado-Boulder
45,202115,Marilyn,Cullinane,Greenville,SC,3:37:29,Midwestern State University
46,197758,Loren,Eggenschwiler,Wichita Falls,TX,3:39:37,Midwestern State University
47,272199,Sarah,Patz,Santa Barbara,CA,3:42:51,University of California-Santa
48,279164,Rachel,Nosheny,Palo Alto,CA,3:42:59,Stanford University
49,218891,Tiffany,Stewart,Grapevine,TX,3:45:07,Midwestern State University
50,233106,Melissa (Missy),Erickson,Mertztown,PA,3:46:54,Fort Lewis College
51,290708,Kathryn,Tolle,Columbus,OH,3:47:18,Ohio State University
52,289865,Kimberly,Truitt,Tucson,AZ,3:47:30,University of Arizona
53,243858,Brenna,Wozniak,Fort Collins,CO,3:48:01,Colorado State University
54,281559,Kathryn,Hicks,Sunnyvale,CA,3:54:00,California Polytechnic-San Luis
55,308837,Natalie,Smith,San Antonio ,TX,3:54:48,Purdue University
56,309185,Marlena,Grovenstein,Colorado Springs,CO,3:55:43,Colorado State University
57,261891,Maggie,Sullivan,Boulder,CO,4:00:32,Northeastern University
58,212128,Rachelle,Hobson,Eugene,OR,4:02:03,University of Oregon
59,303942,Erin,Lauterbach,Tucson,AZ,4:13:27,University of Arizona
60,286351,Katherine,Reinhart,Seattle,WA,4:15:21,University of Oregon
61,287595,Carolyn,Horiye,Annapolis,MD,5:02:41,US Naval Academy
DNF,251742,Kristin Jo,Markham,Olympia,WA,,Lees-McRae College
DNF,219841,Ashley,James,Dousman,WI,,Lindsey Wilson College
DNF,274164,Emily,Fancher,Lawrenceville,GA,,University of Georgia
DNF,260975,Mindy,Burns,Wichita Falls,TX,,Midwestern State University
DNF,181367,Danielle,Haulman,Davis,CA,,University of California-Davis
DNF,199903,Sage,Wilderman,Fraser,CO,,Fort Lewis College
DNF,182253,Jacqueline,Kurth,Palm City,FL,,Marian College
DNF,269269,Jessica,Kutz,State College ,PA,,Pennsylvania State University
DNF,254114,Nora,Olson,Boulder,CO,,University of Colorado-Boulder
DNF,255430,Emily,Foxman,Mountain View,CA,,University of California-Davis
DNF,263536,Sacha,Horn,Muskego,WI,,University of Wisconsin-Madison
DNF,291369,KimberlyAnn,Zubris,Alburtis,PA,,Boston University
DNF,156050,Lauren,Shirock,Emmaus,PA,,Pennsylvania State University
DNF,305806,Summer,Ohlendorf,Wasilla,AK,,University of Wisconsin-Madison
DNF,305347,Claire,Routledge,Wichitafalls,TX,,Midwestern State University
DNF,255925,Clara,Smart,Evanston,IL,,Northwestern University
DNF,291607,Allie,Dragoo,Grand Rapids,MI,,Lindsey Wilson College
DNF,272328,Anna,Sklorenko,Indianapolis,IN,,Marian College
DNF,218422,Sarah,Lukas,Eagle River,WI,,Lindsey Wilson College
DNF,297488,Courtney,O'Neill,Chicago,IL,,Northwestern University
