UC Davis Road Race in Woodland CA Results

04/20/2013 Road Race Men D
Place,License #,First,Last,City,State,Time,Team
1,382002,Michael,DeZubiria,San Diego,CA,,University of California-San Diego
2,0,Greg,Allen,,,,Stanford University
3,393263,Ian,Boilard,Carmichael,CA,,University of California-Davis
4,393204,Gilbert,Villegas,Fountain Valley,CA,,California State University-Long Beach
5,213496,Ye,Lin,San Jose,CA,,San Jose State University
6,395194,David,Jantz,San Diego,CA,,San Diego State University
7,396673,Christopher,Moises,Vallejo,CA,,California State University-Sacramento
8,393099,Wei,Yan,Davis,CA,,University of California-Davis
9,397102,Gregory,SarkisKelly,Davis,CA,,University of California-Davis
10,394742,Matthew,Tran,Irvine,CA,,University of California-Irvine
11,399579,Kyle,McCormick,Sunnyvale,CA,,San Jose State University
12,395753,Michael,Nystrom,Valencia,CA,,Humboldt State University
13,393860,David,Berry,Redlands,CA,,University of California-San Diego
14,394925,Gus,Paras,Los Angeles,CA,,University of Southern California
15,397426,Austin,Rayford,Berkeley,CA,,University of California-Berkeley
17,394116,Gustavo,Esquivel,Goleta,CA,,University of California-Santa Barbara
18,399539,Ou,Saechao,Sacramento,CA,,California State University-Sacramento
19,394908,Edward,Duong,El Monte,CA,,California State University-Long Beach
20,403409,Samuel,Ginn,San Francisco,CA,,San Francisco State University
21,396154,Ryan,Zolyomi,Berkeley,CA,,University of California-Berkeley
22,400125,Chris,Gruenwald,Stanford,CA,,Stanford University
24,390151,Richard,Kuan,Fresno,CA,,California State University-Fresno
25,387374,Andrew,Lam,Walnut Creek,CA,,University of California-Davis
26,392948,Son,Bui,Sacramento,CA,,University of California-Davis
27,400229,adam,tolan,San Francisco ,CA,,#N/A
29,396604,Jayme,Junta,Concord,CA,,California State University-Long Beach
30,388851,Justin,Gore,Arcata,CA,,Humboldt State University
31,393859,Yu,Serita,La Jolla,CA,,University of California-San Diego
32,395249,Chris,Hahn,Anaheim,CA,,University of Southern California
370,395112,Joel,Franklin,La Jolla,CA,,University of California-San Diego
DNF,395579,Zachary,Thompson,Arcata,CA,,Humboldt State University
DNF,403479,Andrew,Fouts,Daly City,CA,,#N/A
DNF,394041,Marcos,Martinez,Los Angeles,CA,,University of Southern California

04/20/2013 Road Race Men C
Place,License #,First,Last,City,State,Time,Team
1,356629,Harley,Grandin,Davis,CA,,University of California-Davis
2,393793,Benjamin,Johnson,Davis,CA,,University of California-Davis
3,323060,Christopher,Hart,Orinda,CA,,University of California-Davis
4,393794,Calvin,Thigpen,Davis,CA,,University of California-Davis
5,384434,Riley,Cressler,Davis,CA,,University of California-Davis
6,343836,Nicholas,Terzakis,Sacramento,CA,,University of California-Berkeley
7,394707,Jake,Lerma,Bakersfield ,CA,,University of California-Davis
8,394898,Emerson,Glassey,Cambridge,MA,,University of California-Santa Cruz
9,370448,Christian,Lam,San Francisco,CA,,San Francisco State University
10,396191,Kurt,Sjoberg,San Luis Obispo,CA,,California Polytechnic-San Luis Obispo
11,394183,Kyle,Teague,Fresno,CA,,University of California-Irvine
12,367584,David,Krumwiede,Davis,CA,,University of California-Berkeley
13,349200,Andrew,Roos,Redwood City,CA,,Stanford University
14,397314,Adrian,Moy,Upland,CA,,University of California-Berkeley
15,366975,Yao,Saetern,Richmond,CA,,San Francisco State University
16,364749,Vincent,Chiu,Cupertino,CA,,University of California-Santa Barbara
17,231837,William,Pettus,Berkeley,CA,,University of California-Berkeley
18,374467,Jarvis,Lee,Orinda,CA,,University of California-Berkeley
19,392673,Austin,Kruisheer,San Diego,CA,,San Diego State University
20,392988,Drew,Schleck,Captiola,CA,,University of California-Davis
21,393014,Bryan,Banducci,Brooklyn ,NY,,San Francisco State University
22,391880,Eddie,Santos,Santa Cruz,CA,,University of California-Santa Cruz
23,396997,Mitchell,Cooledge,Napa,CA,,California Polytechnic-San Luis Obispo
24,367672,Tadeh,Issakhanian,Fresno,CA,,California State University-Fresno
25,360792,Brent,Adam,Mission Viejo,CA,,University of California-Santa Cruz
26,368293,Kris,Kubota,Fresno,CA,,California State University-Fresno
27,395207,Eric,Gasmin,San Jose,CA,,San Francisco State University
28,361006,Jared,Casper,Stanford,CA,,Stanford University
29,335688,Geoffrey,Bishop,Goleta,CA,,University of California-Santa Barbara
30,305748,Mark,Roberts,Sacramento,CA,,California State University-Sacramento
31,365340,Tarun,Singh,Stanford,CA,,Stanford University
32,393924,Alexander,Lerikos,Davis,CA,,University of California-Davis
33,396380,Jason,Mehrens,Benicia,CA,,San Francisco State University
34,391942,Nathan,Berch,Sykesville,MD,,University of Nevada-Reno
35,388023,Aaron,Anderson,Longmont,CO,,University of Nevada-Reno
36,388298,peiman,hadjian,Fresno,CA,,California State University-Fresno
37,244521,Stefan,Webster,Winnetka,CA,,University of California-Los Angeles
38,374590,Thomas,Roos,Stanford,CA,,Stanford University
DNP,394103,Greg,Nipper,Danville,CA,,University of California-Davis
DNP,304507,Kyle,Felsman,Torrance,CA,,University of California-San Diego
DNP,400563,James,Donaldson,San Francisco,CA,,San Francisco State University
DNP,368809,David,Tomajan,Dinuba,CA,,University of California-Los Angeles
DNP,377427,Ben,Ewing,Turlock,CA,,University of California-Santa Cruz
DNP,393126,Christopher,Ha,Santa Barbara,CA,,California Polytechnic-San Luis Obispo
DNP,391413,Kyle,McCarty,Lompoc,CA,,California Polytechnic-San Luis Obispo

04/20/2013 Road Race Men B
Place,License #,First,Last,City,State,Time,Team
1,368394,Drew,Thompson,Berkeley,CA,,University of California-Berkeley
2,329508,Matt,Song,Davis,CA,,University of California-Davis
3,258704,Samuel,Bolster,Camino,CA,,University of Nevada-Reno
4,394667,Christopher,Rea,Simi Valley,CA,,University of California-Santa Barbara
5,366124,Stephen,Cabebe,San Jose,CA,,Santa Clara University
6,371470,Richard,Lo,Arcadia,CA,,University of California-Santa Barbara
7,367977,Miles,Whedbee,Fort Collins,CO,,San Diego State University
8,357307,Armando,Fuentes,Bakersfield,CA,,University of California-Santa Barbara
9,390847,Edward,Yragui,San Diego,CA,,University of California-San Diego
10,341204,Anthony,Fryer,San Luis Obispo,CA,,California Polytechnic-San Luis Obispo
11,328346,James,Sears,Moraga,CA,,University of California-Davis
12,367217,Jake,Cohen,Goleta,CA,,University of California-Santa Barbara
13,365331,Borys,Aptekar,Palo Alto,CA,,University of California-Santa Barbara
14,335540,Justin,Russo,San Luis Obispo,CA,,California Polytechnic-San Luis Obispo
15,340386,Daniel,Corral,Berkeley,CA,,University of California-Berkeley
DNP,273064,Stephen,Sehr,Goleta ,CA,,University of California-Santa Barbara
DNP,394370,Abel,Fernandez,Irvine,CA,,University of California-Santa Barbara
DNP,300030,Daniel,Hertel,Arroyo Grande,CA,,University of California-Berkeley
DNP,371463,Simon,Gertler,Tempe,AZ,,University of California-Berkeley
DNP,371463,Simon,Gertler,Tempe,AZ,,University of California-Berkeley
DNP,334538,Terrence,Davis,Goleta,CA,,University of California-Santa Barbara
DNP,366925,Ray,Lee,Los Angeles,CA,,University of California-Los Angeles
DNP,392386,David,Molitor,Mountain View,CA,,Stanford University
DNP,333566,Connor,Gilbert,Stanford,CA,,Stanford University
DNP,382133,Mike,Betley,Mountain View,CA,,Stanford University
DNP,243124,Nathan,Strong,Stanford,CA,,Stanford University
DNP,283431,Blake,Formanek,Los Angeles,CA,,University of California-Los Angeles
DNP,335668,Alex,Morishita,San Diego,CA,,University of California-Irvine
DNP,309349,Aaron,Michel,Menlo Park,CA,,Stanford University
DNP,365807,Spencer,Schiveley,San Diego,CA,,University of California-San Diego
DNP,393941,Austin,Grego,Isla Vista,CA,,University of California-Santa Barbara
DNP,367167,Miles,Soto,Davis,CA,,University of California-Davis
DNP,308471,AJ,Heredia,Santa Cruz,CA,,University of California-Santa Cruz
DNP,269401,Dave,Vannette,Mountain View,CA,,Stanford University
DNP,357800,Reginald,Trimingham,Santa Cruz,CA,,University of California-Santa Cruz
DNP,366199,Samuel,Riegel,Kendall Park,NJ,,Santa Clara University
DNP,304958,Edward,Kronfli,Santa Clara,CA,,Santa Clara University
DNP,292755,Peter,Keithly,La Mirada,CA,,University of California-Santa Cruz
DNP,368341,Sean,Tomajan,San Luis Obispo,CA,,California Polytechnic-San Luis Obispo
DNP,366695,Matthew,Amicucci,Sacramento,CA,,University of California-Davis

04/20/2013 Road Race Men A
Place,License #,First,Last,City,State,Time,Team
1,239266,John,Tomlinson,Chicago,IL,,University of Southern California
2,54686,Charles,Hutcheson,Santa Rosa,CA,,California State University-Sacramento
3,192686,Blake,Anton,Arroyo Grande,CA,,California Polytechnic-San Luis Obispo
4,240222,Keith,Wong,Menlo Park,CA,,Stanford University
5,227219,James,Enright,San Francisco,CA,,San Francisco State University
6,275956,Elliot,Hawkes,Stanford,CA,,Stanford University
7,224549,Paul,Summers,Palo Alto,CA,,Stanford University
8,250791,Riley,Majeune-Fagan,Golden,CO,,Stanford University
9,222320,Andreas,Freund,Seattle,WA,,University of California-Berkeley
10,205713,Nicholas,Jerabek,Oakland,CA,,California Polytechnic-San Luis Obispo
11,272713,David,Brookes,Cabin John,MD,,University of California-Berkeley
12,283386,Jeffrey,Buscheck,Davis,CA,,University of California-Davis
13,356634,Connor,Benton,Oakland,CA,,University of California-Berkeley
14,309141,Jonathan,Penaloza,Sacramento,CA,,University of California-Davis
15,338294,John,Herr,Goleta,CA,,University of California-Santa Barbara
16,246447,Chris,Johnson,San Marcos,CA,,University of California-San Diego
17,302215,Brendan,Larkin,The Woodlands ,TX,,University of Southern California
18,390357,Drew,Lawyer,Palo Alto ,CA,,University of California-San Diego
19,337388,Bobby,Lozoya,Santa Barbara,CA,,University of California-Santa Barbara
20,222322,Alexander,Freund,Davis,CA,,University of California-Berkeley
21,65260,Mike,Prentice,Irvine,CA,,University of California-Los Angeles
22,297136,Adam,OCamb,Orinda,CA,,California Polytechnic-San Luis Obispo
23,283185,Anthony,Ferretti,Oroville,CA,,University of California-Davis
DNF,322744,Jacob,Aman,San Diego,CA,,University of California-Davis
DNF,303901,Stephen,Murphy,Goleta,CA,,University of California-Santa Barbara
DNF,286998,Edwin,Clement,San Diego,CA,,University of California-San Diego
DNF,336890,Daniel,Zitter,Costa Mesa,CA,,University of California-San Diego
DNF,274578,Aaron,Hall,Boston,MA,,University of California-Berkeley
DNF,242441,Alexander,Yeh,Los Altos Hills,CA,,Stanford University
DNF,332782,Chris,Yu,Menlo Park,CA,,Stanford University
DNF,331830,Kevin,VanGundy,Fresno,CA,,University of California-Davis
DNF,337984,Benjamin,Sarno,San Diego,CA,,University of California-San Diego
DNF,274163,Daniel,Kosykh,Davis,CA,,University of California-Davis
DNF,274504,Ellis,Anderson,Moraga,CA,,University of California-Davis
DNF,334226,Ben,Rudolph,Chicago,IL,,University of Southern California
DNF,331760,Karl,Tingwald,Los Angeles,CA,,University of Southern California
DNF,273276,David,Quiros,Sacramento,CA,,University of California-Los Angeles
DNF,292885,Jason,Ryan,Mountain View,CA,,Stanford University
DNF,356102,Jeffrey,Clause,San Jose,CA,,Santa Clara University
DNF,258471,Stewart,Thompson,Sacramento,CA,,California State University-Sacramento
DNF,289282,Brian,Funk,Menlo Park,CA,,California Polytechnic-San Luis Obispo
DNF,256718,Colin,Don,Los Angeles,CA,,University of Southern California
DNF,334908,Sean,Mulderig,San Diego,CA,,San Diego State University
DNF,333366,Jonathan,Deguzman,San Diego,CA,,San Diego State University

04/20/2013 Road Race Women C
Place,License #,First,Last,City,State,Time,Team
1,301990,Elisma,Botha,Novato,CA,,University of California-Davis
2,370963,Nia,Ransom,San Francisco,CA,,San Francisco State University
3,370699,Nancy,Vargas,Arcata,CA,,Humboldt State University
4,335602,Sara,Schneider,Arcta ,CA,,Humboldt State University
5,394626,Jacqueline,Thomas,Irvine,CA,,University of California-Irvine
6,393757,Ariel,Crandell,Davis,CA,,University of California-Davis
7,356156,Kristen,DeBerdt,Salinas,CA,,University of California-Davis
8,0,Denise,Piekutonski,,,,Stanford University
9,395523,Audra,Johnston,Fresno,CA,,California State University-Fresno
10,371701,Marina,Marcroft,Arcata,CA,,Humboldt State University
11,389464,Michelle,Angeli,Novato,CA,,University of California-Berkeley
DNF,0,Katrina,Suariez,,,,Humboldt State University

04/20/2013 Road Race Women B
Place,License #,First,Last,City,State,Time,Team
1,303876,Erikaceae,Pearsons,Morgan Hill,CA,,California State University-Sacramento
2,190880,Denise,Ramirez,Clovis,CA,,California State University-Fresno
3,393853,Emily,Seferovich,Davis,CA,,University of California-Davis
4,367362,Kirsten,Pearsons,State College,PA,,University of California-Davis
5,364751,Caroline,Ackley,Goleta Ca,CA,,University of California-Santa Barbara
6,257120,Alicia,Halpern,Alameda,CA,,University of California-Davis
7,297911,Lauren,Freudman,San Rafael,CA,,University of California-Davis
8,399987,AnneLaure,Cuvilliez,Portola Valley,CA,,Stanford University
9,395035,Stacy,Le,Duarte,CA,,University of California-San Diego
10,360998,Kaitlin,Benner,Davis,CA,,University of California-Davis
11,196485,Taylor,Meilahn,Davis,CA,,University of California-Davis
12,367967,Jessica,Luu,San Diego,CA,,University of California-San Diego

04/20/2013 Road Race Women A
Place,License #,First,Last,City,State,Time,Team
1,272856,Joanna,Dahl,Milton,MA,,University of California-Berkeley
2,287890,Kristen,Fauria,Davis,CA,,University of California-Davis
3,367331,Erica,Greif,Reno,NV,,University of Nevada-Reno
4,365796,Angharad,Porteous,Stanford,CA,,Leopard-Sapporo Team
5,325094,Sara,Bird,Los Altos,CA,,Stanford University
6,328844,Katharine,Hall,Oakland,CA,,University of California-Berkeley
7,396175,Naomi,Hester,Davis,CA,,University of California-Berkeley
8,181367,Danielle,Haulman,Davis,CA,,University of California-Davis
9,228010,Judith,Wexler,Davis,CA,,University of California-Davis
10,331886,Breana,Hill,Davis,CA,,University of California-Davis
11,292420,Eileen,Mazzochette,Menlo Park,CA,,Stanford University
12,287199,Kristin,Parrinella,La Jolla,CA,,University of California-San Diego
13,258083,Christine,Weir,Nevada City,CA,,University of California-Santa Cruz
14,345306,Diana,Lin,Mountain View,CA,,Stanford University
15,393652,kelly,rosencrans,Stanford,CA,,Stanford University
DNF,337804,Erika,Erickson,Berkeley,CA,,University of California-Berkeley
DNF,390227,Diane,Moug,Davis,CA,,University of California-Davis
DNF,374569,Bridget,Carlson,Fairfield,CA,,University of California-Davis
