2017 USA Cycling Collegiate & Para Road Nationals in Grand Junction CO Results

04/30/2017 Criterium Men Division 2 Nationals Crit
Place,License #,First,Last,City,State,Time,Team
1,219225,Evan,Hartig,Dubuque,IA,,Lindenwood University
2,330752,Clayton,Stone,Anthem,AZ,,Savannah College of Art & Design - Savannah
3,358808,Jonah,MeadVanCort,Ithaca,NY,,Lindenwood University
4,276390,J. Colton,Brookshire,Hendersonville,NC,,Milligan College
5,365258,Brannan,Fix,Fort Collins,CO,,Colorado Mesa University
6,448650,Emmanuel,Gagne,Durango,CO,,Fort Lewis College
7,277433,Zachary,Carlson,Indianapolis,IN,,Marian University
8,293467,Jordan,Marhanka,Sellersburg,IN,,Marian University
9,425551,Dylan,Cantrell,Mount Airy,GA,,Piedmont College
10,413856,Mauro,Rato,Grand Junction,CO,,Colorado Mesa University
11,400214,Evan,Christenson,El Cajon,CA,,Lees-McRae College
12,401755,Brice,Brookshire,Elkhart,IN,,Marian University
13,312130,Trey,Hedgecock,Ankeny,IA,,Belmont Abbey College
14,337040,Stephan,Hirsch,Oklahoma City,OK,,Marian University
15,356788,Lucas,Rowton,Durango,CO,,Fort Lewis College
16,524521,Arne,Egner,Grand Junction,CO,,Colorado Mesa University
17,385573,Fausto,Crapiz,Dandridge,TN,,King University
18,466134,Pablo,Cruz,Wichita Falls,TX,,Midwestern State University
19,347112,Austin,Gomes,Florissant,MO,,Lindenwood University
20,423626,Nolan,VanderZwaag,Holland,MI,,Lees-McRae College
21,282067,Ian,McPherson,Boulder,CO,,Fort Lewis College
22,353190,Alan,Edwards,Johnson City,TN,,King University
23,335050,Ben,Schmutte,Noblesville,IN,,Marian University
24,516674,paul,wright,Hawea Flat,OT,,Warren Wilson College
25,178109,Andrew,Scarano,Athens,GA,,Savannah College of Art and Design - Atlanta
26,308175,Wilman,Vargas,Atlanta,GA,,Savannah College of Art and Design - Atlanta
27,387328,andrew,GUELZO,Grand Rapids,MI,,Piedmont College
28,390751,Kyle,Ellis,Cumming,GA,,King University
29,318688,Thomas,Revard,Carmel,IN,,Marian University
30,295708,Samuel,Morkal Williams,Briarcliff Manor,NY,,Warren Wilson College
31,378837,Bill,Ash,New York ,NY,,Midwestern State University
32,342680,Peter,Behm,Northfield,MN,,Fort Lewis College
33,298437,Nolan,Tankersley,Erwin ,TN,,King University
34,457146,Erich,Mesquita Lima,Mars Hill,NC,,Mars Hill University
35,382085,Ryan,Trimble,Snohomish,WA,,Western State Colorado University
36,291935,James,Hilyer,Durango,CO,,Fort Lewis College
37,258439,Grayson,Brookshire,Hendersonville,NC,,Milligan College
38,349404,Reece,Oleson,Jordan,MN,,Lindenwood University
39,392529,Brian,Sciba,Tallahassee,FL,,Milligan College
40,424907,Gabriel,Gutierrez Flores,Fort Collins,CO,,Colorado Mesa University
41,251347,Liam,Earl,Boise,ID,,Colorado Mesa University
42,458277,Jacob,Jones,Barrigada,GU,,Lees-McRae College
43,247336,Konrad,Witt,Wood Dale,IL,,Lindenwood University
44,487064,Joshua,Buchel,Wichita Falls,TX,,Midwestern State University
45,391618,zachery,carmel,Wooster,OH,,Mars Hill University
46,454615,Ryan,Hopkins,Brandenburg,KY,,Lindsey Wilson College
47,486013,Eivind,Roed,Grand Junction,CO,,Colorado Mesa University
48,367087,Jack,Perry,Banner Elk,NC,,Lees-McRae College
49,427611,Samuel,Wentworth,Sugarcreek,OH,,Milligan College
50,367471,Nathaniel,Worcester,Belmont,NC,,Belmont Abbey College
51,443547,Josiah,Peterson,Columbia,KY,,Lindsey Wilson College
52,376554,Jeremy,Norris,Estes Park,CO,,Adams State University
53,349270,Mitchell,Sides,Magnolia,TX,,Midwestern State University
54,406669,Jesse,Kooistra,Paw Paw,MI,,Belmont Abbey College
DNF,394179,Gabe,Morgan,Richmond,VA,,Liberty University
DNF,380332,Cormac,Mcgeough,Carbondale,CO,,Fort Lewis College
DNF,377930,Nathaniel,Schoonover,Wentzville,MO,,Lindenwood University
DNF,387921,Alec,Hoover,Ripon,WI,,Lees-McRae College
DNF,303566,Carlo,Villarreal,Mcallen,TX,,Milligan College
DNF,428278,Kyle,Tiesler,Pegram,TN,,Milligan College
DNF,504799,Peter,Foerster,Atlanta,GA,,Savannah College of Art and Design - Atlanta
DNF,207381,Artur,Sagat,Roswell,GA,,Savannah College of Art and Design - Atlanta
DNF,309018,Keith,Mullaly,Wethersfield,CT,,Belmont Abbey College

04/30/2017 Criterium Men Division 1 Nationals Crit
Place,License #,First,Last,City,State,Time,Team
1,229865,Noah,Granigan,Cape May Court House,NJ,,University of Colorado Boulder
2,311386,Maxwell,Ackermann,Madison,WI,,University of Wisconsin- Madison
3,240153,Glenn,Ferreira,Manville,NJ,,University of Delaware
4,303319,Maxx,Chance,Boulder,CO,,University of Colorado Boulder
5,379658,chaz,hogenauer,Boise,ID,,Colorado State University
6,382065,David,Greif,Tucson,AZ,,University of Arizona
7,399388,George,Simpson,Fort Collins,CO,,Colorado State University
8,285991,David,Lombardo,Crystal Lake,IL,,University of Wisconsin- Madison
9,263035,Andrew,Giniat,Asheville,NC,,DePaul University
10,309840,Josh,PrattFerguson,Orovalley,AZ,,University of Arizona
11,254433,Daniel,Willett,San Clemente,CA,,US Air Force Academy
12,235572,Nathaniel,Morse,Cohasset,MA,,Furman University
13,431533,Derrick,Butler,Nazareth,PA,,University of Pennsylvania
14,324780,Ben,OMalley,Chicago,IL,,Colorado State University
15,375247,Cyrus,Pearo,Denver,CO,,University of Colorado Denver
16,253153,Scott,Cohen,Davis,CA,,University of California-Davis
17,263998,Reese,Levine,Orinda,CA,,University of California-Berkeley
18,403588,Jack,Niewold,Minneapolis,MN,,University of Minnesota-Twin Cities
19,481875,Juan,Duarte,Berkeley,CA,,University of California-Berkeley
20,456576,Samuel,Boardman,Los Angeles,CA,,University of California-Los Angeles
21,357229,Ian,Whaley,Monroe,CT,,Colorado State University
22,354166,Benjamin,Spain,Raleigh,NC,,Tulane University of Louisiana
23,489166,Colin,Patterson,Palo Alto,CA,,California Polytechnic-San Luis Obispo
24,424715,James,Evans,Los Angeles,CA,,Stanford University
25,311360,Anthony,Pratt,Niles,MI,,University of Notre Dame
26,346448,Dominik,Cinka,Mill Valley,CA,,University of California-Santa Barbara
27,458812,Timothy,Welsh,Seattle,WA,,University of Washington-Seattle
28,424342,Ben,Rothschild,Atlanta,GA,,Georgia Institute of Technology
29,422932,Nicholas,Besse,Scotts Valley,CA,,University of California-Santa Barbara
30,354994,Benjamin,Peterson,Seattle,WA,,Western Washington University
31,299528,Remy,CantoAdams,Windsor,CA,,California Polytechnic-San Luis Obispo
32,407231,Robert,Pearce,Corte Madera,CA,,University of California-Los Angeles
33,426305,Brian,Alba,Plainsboro,NJ,,Northeastern University
34,226739,Trevor,Rolette,Tinley Park,IL,,University of Wisconsin- Madison
35,383138,Blane,Maddox,Blacksburg,VA,,Virginia Polytechnic University
36,456318,Ethan,Call,Jefferson,NH,,Dartmouth College
37,425275,Logan,Grace,Minneapolis,MN,,University of Minnesota-Twin Cities
37,313364,Ethan,Frankel,Mill Valley,CA,,University of California-Los Angeles
37,394252,Omar,Nunez,Laredo,TX,,Texas A & M University
37,487389,Simon,Lynn,Usaf Academy,CO,,US Air Force Academy
37,311527,Kenneth,McNeill,Rutland,VT,,Northeastern University
37,310212,Zachary,Isaacs,Oakland,CA,,Dartmouth College
43,272704,Julian,Georg,Syracuse,NY,,Syracuse University
44,365130,Dustin,Denton,Stockton,CA,,University of California-Davis
45,416940,Leo,Yip,Fremont,CA,,University of California-Davis
46,394898,Emerson,Glassey,Cambridge,MA,,Massachusetts Institute of Technology
47,311452,Alec,Cunningham,Cape Neddick,ME,,University of New Hampshire
48,467792,Theo,Floor,Bellingham,WA,,Western Washington University
49,0,N.N.,64,,,,
50,442975,Matt,Sloyer,Raleigh,NC,,Appalachian State University
51,379982,Joshua,Spokes,Baltimore,MD,,University of Maryland-College Park
52,412456,Josiah,Poler,Spokane,WA,,Eastern Washington University
53,299486,Jacob,Miller,Berkeley,CA,,University of California-Berkeley
54,465841,Laszlo,Jakab,Chicago,IL,,University of Chicago
55,427903,Adam,Ruff,West Point,NY,,US Military Academy
56,423932,Brian,Hardy,Longmont,CO,,US Naval Academy
57,382221,Chase,Wark,Zimmerman,MN,,University of Minnesota-Twin Cities
58,406377,Brian,Lea,Bartlesville,OK,,University of Arkansas
59,358353,Derek,Hall,Live Oak,TX,,US Air Force Academy
60,106932,Coul,Hill,Billings,MT,,Montana State University
61,345810,Henry,York,Monument,CO,,Colorado School of Mines
62,253603,Ian,Haupt,Whitefish Bay,WI,,Western Washington University
63,309008,Andrew,Pryhuber,Seattle,WA,,University of Washington-Seattle
64,392836,Justin,Runac,La Jolla,CA,,University of California-San Diego
65,496862,Taylor,Adams,Little Rock,AR,,US Naval Academy
66,481937,Alexander,Gilliam,Richmond,VA,,College of William and Mary
67,324476,Luis,Leme,Mc Lean,VA,,Virginia Polytechnic University
68,366015,Marcel,Gutierrez,Clemmons,NC,,Appalachian State University
69,419955,Bryan,Little,Vail,AZ,,University of Arizona
70,429496,Alex,Mahlandt,Frederick,MD,,University of Maryland-College Park
71,471780,Scott,Allen,Otis Orchards,WA,,Eastern Washington University
72,449058,Zachary Morrison,Morrison,Buckeye,AZ,,Northern Arizona University
73,341306,Russell,Clarida,Southport,CT,,Stanford University
74,360227,Charles,Ramsbotham,Boone,NC,,Appalachian State University
75,460162,Hoel,Wiesner,Rensselaer,NY,,Duke University
76,466498,Thomas,Brown,Little Rock,AR,,University of Arkansas
77,442937,Dan,McMahon,Cincinnati,OH,,Colorado School of Mines
78,456301,Zach,Hostetler,Stokesdale,NC,,Baylor University
79,281816,Dylan,Knutson,Advance,NC,,Wake Forest University
80,237283,Joseph,Iuliano,Tucson,AZ,,University of Arizona
81,310504,Zander,Guzy-Sprague,Walla Walla,WA,,Whitman College
82,467304,Scott,Coblentz,Frederick,MD,,Shippensburg University of Pennsylvania
83,416923,Scott,Miller,Layton,UT,,University of Washington-Seattle
84,313840,James,Pratt,Niles,MI,,University of Notre Dame
85,460026,Adam,Oster,Lusby,MD,,US Naval Academy
86,460805,Justin,Bandoro,Medford,MA,,Massachusetts Institute of Technology
87,415325,Blake,Ollweiler,Denver,CO,,Colorado School of Mines
88,422186,Keith,Sollers,Davis,CA,,University of California-Davis
89,422930,Scott,Jones,Scottsdale,AZ,,Arizona State University
DNS,431533,derrick,butler,Nazareth,PA,,University of Pennsylvania
DNS,355158,Andrew,Frank,Helena,MT,,The University of Montana
DNS,331166,Ben,Bradley,Plaquemine,LA,,Tulane University of Louisiana
DNS,249191,David,Kessler,Boulder,CO,,Rhode Island School of Design
DNS,501936,Tyler,Wolfe,Baltimore,MD,,Johns Hopkins University
DNS,498282,Eric,Sasse,Los Angeles,CA,,Johns Hopkins University
DNF,445064,Hao,Sun,Raleigh,NC,,North Carolina State University at Raleigh
DNF,278187,Daniel,Svedberg,Woodbury,MN,,University of Minnesota-Twin Cities
DNF,309471,Rupert,Cox,Emerald Hills,CA,,University of California-Los Angeles
DNF,428009,Sam,Fritz,Princeton,MN,,University of Minnesota-Duluth
DNF,455497,Tristan,Manderfeld,Colorado Springs ,CO,,US Military Academy
DNF,297235,Kenneth,Englert,Shawnee,KS,,US Military Academy
DNF,370473,Andrew,Einspanier,Iron River,WI,,University of Wisconsin- Madison
DNF,407736,Raymond,Lee,San Francisco,CA,,California Polytechnic-San Luis Obispo
DNF,486624,Daniel,Rowen,Boulder,CO,,University of Colorado Boulder
DNF,298725,Grant,Ellwood,Boulder,CO,,University of Colorado Boulder

04/30/2017 Criterium Women Division 2 Nationals Crit
Place,License #,First,Last,City,State,Time,Team
1,174914,Erica,Allar,Demorest,GA,,Piedmont College
2,414385,Ariane,Horbach,Grand Junction,CO,,Colorado Mesa University
3,201838,Laurel,Rathbun,Monument,CO,,Marian University
4,460027,Madison,Kelly,Naples,FL,,Marian University
5,330960,Ashlyn,Woods,Winston Salem,NC,,Lees-McRae College
6,288099,Stephanie,Nave,Johnson City,TN,,Milligan College
7,358569,Janelle,Cole,Newaygo,MI,,Brevard College
8,515536,Mackenize,Myatt,Atlanta,GA,,Savannah College of Art and Design - Atlanta
9,326470,Hannah,Arensman,Rutherford College,NC,,Brevard College
10,526628,Josefine,Dreier,Grand Junction,CO,,Colorado Mesa University
11,286164,Emma,Swartz,Madison,WI,,Marian University
12,302383,Katherine,Santos,Louisville,KY,,Marian University
13,487145,Maxyna,Cottam,Wichita Falls,TX,,Midwestern State University
14,402574,Charlotte,Backus,Larkspur,CO,,Fort Lewis College
15,334082,Ashley,weaver,St. Charles ,MO,,Lindenwood University
16,432770,Natalia,Franco,Grand Junction,CO,,Colorado Mesa University
17,311037,Amy,Floyd,Wichita Falls,TX,,Midwestern State University
18,311541,Hannah,Swan,Alpine,CA,,Milligan College
19,338856,Brissia,Montalvo,El Paso,TX,,Midwestern State University
20,315188,Marta,Morris,Grand Junction,CO,,Marian University
21,383001,Victoria,Kanizer,Owasso,OK,,Milligan College
22,229338,Zoe,Frazier,Suwanee,GA,,Marian University
23,516656,Emelie,Persson,Grand Junction,CO,,Colorado Mesa University
24,431939,Ellen,Campbell,Durango,CO,,Fort Lewis College
25,468081,Ellie,Morgenthaler,Chesterfield,MO,,Lindenwood University
26,423254,Paige,Shook,Weaverville,NC,,Mars Hill University
27,516545,Stacey,Hyslolp,Banner Elk,NO,,Lees-McRae College
28,290669,Zoe,Mullins,Winter Garden,FL,,Milligan College
29,517696,Helen,Mitchell,Milligan College,TN,,Milligan College
30,485918,kelsay,lundberg,Salida,CO,,Fort Lewis College
31,323042,Morgan,Miller,Charleston,TN,,Milligan College
32,422584,Tristen,Musselman,Flagstaff,AZ,,Fort Lewis College
33,412604,Emily,Strange,Jackson,TN,,Mars Hill University
34,523767,Annika,Teschke,Saint Charles,MO,,Lindenwood University
35,291028,Page,Robertson,Oakland,CA,,Lees-McRae College
36,331614,Erin,Sferrazza,North Easton,MA,,Lees-McRae College
37,477193,Keren,Wallace,Gunnison,CO,,Western State Colorado University
DNS,524944,Lisa,Neumueller,Savannah,GA,,Savannah College of Art & Design - Savannah

04/30/2017 Criterium Women Division 1 Nationals Crit
Place,License #,First,Last,City,State,Time,Team
1,496869,Heidi,Franz,Kirkland,WA,56:22.1,Seattle University
2,418082,Erica,Clevenger,Tucson,AZ,56:22.3,University of Arizona
3,499797,Danielle,Morshead,San Anselmo,CA,56:22.5,Brown University
4,512762,Lily,Williams,Asheville,NC,56:22.6,Northwestern University
5,494683,Katherine,Nadler,San Diego,CA,56:22.6,University of California-San Diego
6,334726,Rachel,Geiter,Milwaukie,OR,56:22.7,Stanford University
7,433301,Samantha,Fox,Philadelphia,PA,56:23.1,Drexel University
8,220876,Katherine,Shields,Salt Lake City,UT,56:23.8,Wake Forest University
9,441168,Jenna,Stauffer,Highlands Ranch,CO,56:23.8,University of Denver
10,314034,Emily,Schaldach,Durango,CO,56:25.1,University of Colorado Boulder
11,496675,Maddy,Ward,Los Angeles,CA,56:25.7,University of California-Los Angeles
12,291002,Arielle,Little,Berkeley,CA,56:26.1,University of California-Berkeley
13,340844,Jennifer,Wilson,Los Gatos,CA,56:26.4,Stanford University
14,414929,Kristina,Vrouwenvelder,Louisville,CO,56:26.9,University of Colorado Boulder
15,413867,Danielle,Clark,Greenville,SC,56:27.7,Furman University
16,291367,Claire,vanEkdom,Chevychase,MD,56:28.3,University of California-Los Angeles
17,409793,Annie,Pharr,Tuxedo,NC,56:28.3,Appalachian State University
18,492822,Laura,Leaton,Charlottesville,VA,56:28.3,University of Virginia
19,433105,Brenna,Gibbons,Madison,WI,56:29.2,University of Wisconsin- Madison
20,262057,Joy,Franco,Stanford,CA,56:29.3,Stanford University
21,523588,Christina,Rigsby,Bryan,TX,56:29.3,Texas A & M University
22,500046,Megan,Galinat,Boise,ID,56:31.4,Northeastern University
23,467179,Emma,Edwards,Cambridge,MA,56:33.0,Massachusetts Institute of Technology
24,449014,Hayley,Bates,Colorado Springs,CO,56:35.1,Colorado College
25,408538,Catherine,Culkin,Ann Arbor,MI,56:37.1,University of Michigan-Ann Arbor
26,429837,Kathryn,Olesnavage,Redondo Beach,CA,56:37.3,Massachusetts Institute of Technology
27,478233,Elizabeth,Huuki,Pipersville,PA,56:39.8,US Military Academy
28,486344,Lillian,McCormick,Solana Beach,CA,56:39.8,University of California-San Diego
29,425277,Sarah,Cullen,Northville,MI,56:39.8,University of Notre Dame
30,423846,Erin,Thamm,Annapolis,MD,56:40.9,US Naval Academy
31,495133,Lillian,Kuehl,Blaine,WA,56:41.0,Western Washington University
32,344090,Jocelyn,Vides,Reno,NV,56:57.8,University of California-Berkeley
33,487734,Caitlin,Neuman,Madison,WI,57:20.4,University of Wisconsin- Madison
34,523662,Austin,Thompson,Myrtle Beach,SC,58:28.4,Duke University
35,459225,Patricia,Gonzales,Stanford,CA,58:28.7,Stanford University
36,489396,Eleanor,Wiseman,Berkeley,CA,58:28.8,University of California-Berkeley
37,395508,Shelby,Hoglund,Tucson,AZ,58:30.2,University of Arizona
38,486111,Monte,Ho,West Point,NY,58:32.0,US Military Academy
39,524191,Lena,Stock,Del Mar,CA,58:32.1,University of California-San Diego
40,496425,Jessica,Hild,Seattle,WA,58:32.1,University of Washington-Seattle
41,426069,Laura,Leonard,Arvada,CO,58:32.8,Colorado School of Mines
42,395693,Josephine,VanLoozen,Philadelphia,PA,58:33.0,Drexel University
43,496845,Pearl,Dixon,Tucson,AZ,58:33.7,University of Arizona
44,362053,Erin,Paradis,Batavia,IL,58:33.8,Colorado State University
45,469026,Alaina,Yung,Greeley,CO,58:34.7,University of Northern Colorado
46,459515,Alissa,Albrecht,Tempe,AZ,58:34.8,Arizona State University
47,498735,Anna,Martin,Edwards,CO,58:35.0,University of Denver
48,460814,Lizzie,Wright,Providence,RI,58:35.4,Rhode Island School of Design
49,366740,Gina,Turrini,Durham,NC,58:35.6,Duke University
50,496861,Rachel,Parker,Annapolis,MD,58:35.8,US Naval Academy
51,301843,Sophie,Mittelstadt,Bethesda,MD,58:35.9,Colorado College
52,424443,Madeleine,Hanley,Lebanon,NJ,58:36.1,Colorado School of Mines
DNS,414481,Jennifer,Quijada,Flagstaff,AZ,DNS,Northern Arizona University
DNS,523756,Sydnee,Hyman,San Diego,CA,DNS,University of California-San Diego
DNS,422664,Emma,Langley,Richmond ,VA,DNS,College of William and Mary
DNF,298454,Fiona,Bennitt,Walla Walla,WA,DNF,Whitman College
DNF,424669,Sophia,Andrews,Bend,OR,DNF,University of Oregon
DNF,359346,Jessica,Bobeck,Albuquerque,NM,DNF,University of Colorado Boulder
DNF,495801,Tori,Wuthrich,Cambridge,MA,DNF,Massachusetts Institute of Technology
DNF,241489,Anne,Raymond,Cambridge,MA,DNF,Massachusetts Institute of Technology

04/29/2017 Road Race Men Division 2 Nationals Rr
Place,License #,First,Last,City,State,Time,Team
1,267198,Robert,Squire,Salt Lake City,UT,,Westminster College
2,380332,Cormac,Mcgeough,Carbondale,CO,,Fort Lewis College
3,358808,Jonah,MeadVanCort,Ithaca,NY,,Lindenwood University
4,382085,Ryan,Trimble,Snohomish,WA,,Western State Colorado University
5,413856,Mauro,Rato,Grand Junction,CO,,Colorado Mesa University
6,318688,Thomas,Revard,Carmel,IN,,Marian University
7,390751,Kyle,Ellis,Cumming,GA,,King University
8,401755,Brice,Brookshire,Elkhart,IN,,Marian University
9,365258,Brannan,Fix,Fort Collins,CO,,Colorado Mesa University
10,356788,Lucas,Rowton,Durango,CO,,Fort Lewis College
11,484364,Andre,Bos,Durango,CO,,Fort Lewis College
12,267850,Zachary,Nehr,Fox Point,WI,,Marian University
13,466134,Pablo,Cruz,Wichita Falls,TX,,Midwestern State University
14,363561,Kevin,Callahan,Woody Creek,CO,,Fort Lewis College
15,423626,Nolan,VanderZwaag,Holland,MI,,Lees-McRae College
16,282067,Ian,McPherson,Boulder,CO,,Fort Lewis College
17,277433,Zachary,Carlson,Indianapolis,IN,,Marian University
18,387328,andrew,GUELZO,Grand Rapids,MI,,Piedmont College
19,385573,Fausto,Crapiz,Dandridge,TN,,King University
20,504799,Peter,Foerster,Atlanta,GA,,Savannah College of Art and Design - Atlanta
21,387921,Alec,Hoover,Ripon,WI,,Lees-McRae College
22,335050,Ben,Schmutte,Noblesville,IN,,Marian University
23,388008,Hugo,Scala Jr,Dallas,TX,,Marian University
24,378837,Bill,Ash,New York ,NY,,Midwestern State University
25,334610,Sam,Winters,Indianapolis,IN,,Marian University
26,347112,Austin,Gomes,Florissant,MO,,Lindenwood University
27,516674,paul,wright,Hawea Flat,OT,,Warren Wilson College
28,448650,Emmanuel,Gagne,Durango,CO,,Fort Lewis College
29,486013,Eivind,Roed,Grand Junction,CO,,Colorado Mesa University
30,386458,Evan,Blankenship,University City,MO,,Lindenwood University
31,251347,Liam,Earl,Boise,ID,,Colorado Mesa University
32,367087,Jack,Perry,Banner Elk,NC,,Lees-McRae College
33,219225,Evan,Hartig,Dubuque,IA,,Lindenwood University
34,276390,J. Colton,Brookshire,Hendersonville,NC,,Milligan College
35,425551,Dylan,Cantrell,Mount Airy,GA,,Piedmont College
36,330752,Clayton,Stone,Anthem,AZ,,Savannah College of Art & Design - Savannah
37,457146,Erich,Mesquita Lima,Mars Hill,NC,,Mars Hill University
38,392529,Brian,Sciba,Tallahassee,FL,,Milligan College
39,303566,Carlo,Villarreal,Mcallen,TX,,Milligan College
40,400214,Evan,Christenson,El Cajon,CA,,Lees-McRae College
41,295708,Samuel,Morkal Williams,Briarcliff Manor,NY,,Warren Wilson College
42,413738,Mark,Johnson,Englewood,CO,,Adams State University
43,379178,Matthew,Turner,Park City,UT,,Fort Lewis College
44,342680,Peter,Behm,Northfield,MN,,Fort Lewis College
45,376554,Jeremy,Norris,Estes Park,CO,,Adams State University
46,443547,Josiah,Peterson,Columbia,KY,,Lindsey Wilson College
DNS,349270,Mitchell,Sides,Magnolia,TX,,Midwestern State University
DNS,428278,Kyle,Tiesler,Pegram,TN,,Milligan College
DNS,353190,Alan,Edwards,Johnson City,TN,,King University
DNF,271372,Jos,Chalmers,Melbourne,FL,,Marian University
DNF,394179,Gabe,Morgan,Richmond,VA,,Liberty University
DNF,454615,Ryan,Hopkins,Brandenburg,KY,,Lindsey Wilson College
DNF,349404,Reece,Oleson,Jordan,MN,,Lindenwood University
DNF,492820,Wesley,Phipson,St Charles,MO,,Lindenwood University
DNF,377930,Nathaniel,Schoonover,Wentzville,MO,,Lindenwood University
DNF,247336,Konrad,Witt,Wood Dale,IL,,Lindenwood University
DNF,458277,Jacob,Jones,Barrigada,GU,,Lees-McRae College
DNF,391618,zachery,carmel,Wooster,OH,,Mars Hill University
DNF,524521,Arne,Egner,Grand Junction,CO,,Colorado Mesa University
DNF,424907,Gabriel,Gutierrez Flores,Fort Collins,CO,,Colorado Mesa University
DNF,258439,Grayson,Brookshire,Hendersonville,NC,,Milligan College
DNF,424393,Spencer,Crowe,Greer,SC,,Milligan College
DNF,324900,david,duquette,Gastonia,NC,,Milligan College
DNF,427611,Samuel,Wentworth,Sugarcreek,OH,,Milligan College
DNF,207381,Artur,Sagat,Roswell,GA,,Savannah College of Art and Design - Atlanta
DNF,178109,Andrew,Scarano,Athens,GA,,Savannah College of Art and Design - Atlanta
DNF,308175,Wilman,Vargas,Atlanta,GA,,Savannah College of Art and Design - Atlanta
DNF,298437,Nolan,Tankersley,Erwin ,TN,,King University
DNF,312130,Trey,Hedgecock,Ankeny,IA,,Belmont Abbey College
DNF,309018,Keith,Mullaly,Wethersfield,CT,,Belmont Abbey College

04/29/2017 Road Race Men Division 1 Nationals Rr
Place,License #,First,Last,City,State,Time,Team
1,375247,Cyrus,Pearo,Denver,CO,,University of Colorado Denver
2,486624,Daniel,Rowen,Boulder,CO,,University of Colorado Boulder
3,298725,Grant,Ellwood,Boulder,CO,,University of Colorado Boulder
4,311386,Maxwell,Ackermann,Madison,WI,,University of Wisconsin- Madison
5,399388,George,Simpson,Fort Collins,CO,,Colorado State University
6,254433,Daniel,Willett,San Clemente,CA,,US Air Force Academy
7,229865,Noah,Granigan,Cape May Court House,NJ,,University of Colorado Boulder
8,240153,Glenn,Ferreira,Manville,NJ,,University of Delaware
9,456576,Samuel,Boardman,Los Angeles,CA,,University of California-Los Angeles
10,403588,Jack,Niewold,Minneapolis,MN,,University of Minnesota-Twin Cities
11,309291,Jack,Tanner,Boulder,CO,,University of Colorado Boulder
12,382065,David,Greif,Tucson,AZ,,University of Arizona
13,249191,David,Kessler,Boulder,CO,,Rhode Island School of Design
14,416940,Leo,Yip,Fremont,CA,,University of California-Davis
15,454927,Sam,Quinby,Davis,CA,,University of California-Davis
16,331166,Ben,Bradley,Plaquemine,LA,,Tulane University of Louisiana
17,489166,Colin,Patterson,Palo Alto,CA,,California Polytechnic-San Luis Obispo
18,456318,Ethan,Call,Jefferson,NH,,Dartmouth College
19,346448,Dominik,Cinka,Mill Valley,CA,,University of California-Santa Barbara
20,407231,Robert,Pearce,Corte Madera,CA,,University of California-Los Angeles
21,416480,Phillip,Kearns,Lake Oswego,OR,,University of Idaho
22,303319,Maxx,Chance,Boulder,CO,,University of Colorado Boulder
23,309471,Rupert,Cox,Emerald Hills,CA,,University of California-Los Angeles
24,298963,Eric,Brunner,Boulder,CO,,University of Colorado Boulder
25,428009,Sam,Fritz,Princeton,MN,,University of Minnesota-Duluth
26,481875,Juan,Duarte,Berkeley,CA,,University of California-Berkeley
27,394252,Omar,Nunez,Laredo,TX,,Texas A & M University
28,311527,Kenneth,McNeill,Rutland,VT,,Northeastern University
29,285991,David,Lombardo,Crystal Lake,IL,,University of Wisconsin- Madison
30,498282,Eric,Sasse,Los Angeles,CA,,Johns Hopkins University
31,418177,Eric,Bryan,Los Angeles,CA,,University of California-Los Angeles
32,422932,Nicholas,Besse,Scotts Valley,CA,,University of California-Santa Barbara
33,332188,Alex,Kellum,Philadelphia,PA,,University of Pennsylvania
34,263035,Andrew,Giniat,Asheville,NC,,DePaul University
35,458812,Timothy,Welsh,Seattle,WA,,University of Washington-Seattle
36,419955,Bryan,Little,Vail,AZ,,University of Arizona
37,387057,Brady,Reed,Magnolia,TX,,Texas A & M University
38,313364,Ethan,Frankel,Mill Valley,CA,,University of California-Los Angeles
39,370473,Andrew,Einspanier,Iron River,WI,,University of Wisconsin- Madison
40,341306,Russell,Clarida,Southport,CT,,Stanford University
41,324780,Ben,OMalley,Chicago,IL,,Colorado State University
42,467304,Scott,Coblentz,Frederick,MD,,Shippensburg University of Pennsylvania
43,465841,Laszlo,Jakab,Chicago,IL,,University of Chicago
44,422362,Alexander,DeRoche,Glendale,CA,,University of California-Los Angeles
45,360227,Charles,Ramsbotham,Boone,NC,,Appalachian State University
46,345810,Henry,York,Monument,CO,,Colorado School of Mines
47,379658,chaz,hogenauer,Boise,ID,,Colorado State University
48,471780,Scott,Allen,Otis Orchards,WA,,Eastern Washington University
49,354994,Benjamin,Peterson,Seattle,WA,,Western Washington University
50,394898,Emerson,Glassey,Cambridge,MA,,Massachusetts Institute of Technology
51,366496,Nikita,Lindgren,Tucson,AZ,,University of Arizona
52,263998,Reese,Levine,Orinda,CA,,University of California-Berkeley
53,383138,Blane,Maddox,Blacksburg,VA,,Virginia Polytechnic University
54,365130,Dustin,Denton,Stockton,CA,,University of California-Davis
55,467792,Theo,Floor,Bellingham,WA,,Western Washington University
56,424715,James,Evans,Los Angeles,CA,,Stanford University
57,466498,Thomas,Brown,Little Rock,AR,,University of Arkansas
58,422186,Keith,Sollers,Davis,CA,,University of California-Davis
59,311452,Alec,Cunningham,Cape Neddick,ME,,University of New Hampshire
60,426305,Brian,Alba,Plainsboro,NJ,,Northeastern University
61,427903,Adam,Ruff,West Point,NY,,US Military Academy
62,456301,Zach,Hostetler,Stokesdale,NC,,Baylor University
63,501936,Tyler,Wolfe,Baltimore,MD,,Johns Hopkins University
64,412456,Josiah,Poler,Spokane,WA,,Eastern Washington University
65,406377,Brian,Lea,Bartlesville,OK,,University of Arkansas
66,493748,Benjamen,Shrewsberry,Fredericksburg,VA,,Shippensburg University of Pennsylvania
67,424342,Ben,Rothschild,Atlanta,GA,,Georgia Institute of Technology
68,448552,Andrew,Scott,Seal Harbor ,NJ,,Princeton University
69,106932,Coul,Hill,Billings,MT,,Montana State University
70,487389,Simon,Lynn,Usaf Academy,CO,,US Air Force Academy
71,460162,Hoel,Wiesner,Rensselaer,NY,,Duke University
72,290838,Zachary,Berkow,Bethesda,MD,,Dartmouth College
73,392836,Justin,Runac,La Jolla,CA,,University of California-San Diego
74,354166,Benjamin,Spain,Raleigh,NC,,Tulane University of Louisiana
75,416923,Scott,Miller,Layton,UT,,University of Washington-Seattle
76,309008,Andrew,Pryhuber,Seattle,WA,,University of Washington-Seattle
77,379982,Joshua,Spokes,Baltimore,MD,,University of Maryland-College Park
78,297235,Kenneth,Englert,Shawnee,KS,,US Military Academy
79,423932,Brian,Hardy,Longmont,CO,,US Naval Academy
80,324476,Luis,Leme,Mc Lean,VA,,Virginia Polytechnic University
81,496862,Taylor,Adams,Little Rock,AR,,US Naval Academy
82,404821,Rees,York,Monument,CO,,Colorado State University
83,299528,Remy,CantoAdams,Windsor,CA,,California Polytechnic-San Luis Obispo
84,358353,Derek,Hall,Live Oak,TX,,US Air Force Academy
85,460469,Evan,Schmit,Harrisonbrug,VA,,James Madison University
86,481937,Alexander,Gilliam,Richmond,VA,,College of William and Mary
87,415325,Blake,Ollweiler,Denver,CO,,Colorado School of Mines
88,449058,Zachary Morrison,Morrison,Buckeye,AZ,,Northern Arizona University
89,460026,Adam,Oster,Lusby,MD,,US Naval Academy
90,407736,Raymond,Lee,San Francisco,CA,,California Polytechnic-San Luis Obispo
91,459350,Jacob,Shupe,Greenwood,IN,,Purdue University
92,460805,Justin,Bandoro,Medford,MA,,Massachusetts Institute of Technology
93,422930,Scott,Jones,Scottsdale,AZ,,Arizona State University
94,387588,jake,wands,Golden,CO,,Colorado School of Mines
DNS,311360,Anthony,Pratt,Niles,MI,,University of Notre Dame
DNS,431533,derrick,butler,Nazareth,PA,,University of Pennsylvania
DNF,445064,Hao,Sun,Raleigh,NC,,North Carolina State University at Raleigh
DNF,382221,Chase,Wark,Zimmerman,MN,,University of Minnesota-Twin Cities
DNF,278187,Daniel,Svedberg,Woodbury,MN,,University of Minnesota-Twin Cities
DNF,425275,Logan,Grace,Minneapolis,MN,,University of Minnesota-Twin Cities
DNF,295785,Colin,Catlin,Saint Paul,MN,,University of Minnesota-Twin Cities
DNF,313840,James,Pratt,Niles,MI,,University of Notre Dame
DNF,466208,Darin,Alleman,Fredericksburg,VA,,Shippensburg University of Pennsylvania
DNF,0,N.N.,129,,,,
DNF,357229,Ian,Whaley,Monroe,CT,,Colorado State University
DNF,364346,Andrew,Castagneri,Littleton,CO,,Colorado State University
DNF,429496,Alex,Mahlandt,Frederick,MD,,University of Maryland-College Park
DNF,253153,Scott,Cohen,Davis,CA,,University of California-Davis
DNF,355158,Andrew,Frank,Helena,MT,,The University of Montana
DNF,497800,Logan,Everts,Annapolis,MD,,US Naval Academy
DNF,253603,Ian,Haupt,Whitefish Bay,WI,,Western Washington University
DNF,310504,Zander,Guzy-Sprague,Walla Walla,WA,,Whitman College
DNF,442937,Dan,McMahon,Cincinnati,OH,,Colorado School of Mines
DNF,235572,Nathaniel,Morse,Cohasset,MA,,Furman University
DNF,226739,Trevor,Rolette,Tinley Park,IL,,University of Wisconsin- Madison
DNF,430758,Josh,Mesner,Whitewater,WI,,University of Wisconsin- Madison
DNF,466664,Daniel,Blumberg,Highland Park,IL,,University of Wisconsin- Madison
DNF,310212,Zachary,Isaacs,Oakland,CA,,Dartmouth College
DNF,442975,Matt,Sloyer,Raleigh,NC,,Appalachian State University
DNF,366015,Marcel,Gutierrez,Clemmons,NC,,Appalachian State University
DNF,309840,Josh,PrattFerguson,Orovalley,AZ,,University of Arizona
DNF,237283,Joseph,Iuliano,Tucson,AZ,,University of Arizona
DNF,394505,Castle,Gay,Tucson,AZ,,University of Arizona
DNF,299486,Jacob,Miller,Berkeley,CA,,University of California-Berkeley

04/29/2017 Road Race Women Division 2 Nationals RR
Place,License #,First,Last,City,State,Time,Team
1,174914,Erica,Allar,Demorest,GA,31:26.th,Piedmont College
2,515536,Mackenize,Myatt,Atlanta,GA,31:27.th,Savannah College of Art and Design - Atlanta
3,201838,Laurel,Rathbun,Monument,CO,31:27.th,Marian University
4,330960,Ashlyn,Woods,Winston Salem,NC,31:27.th,Lees-McRae College
5,286164,Emma,Swartz,Madison,WI,31:27.th,Marian University
6,358569,Janelle,Cole,Newaygo,MI,31:28.th,Brevard College
7,460027,Madison,Kelly,Naples,FL,31:29.th,Marian University
8,432770,Natalia,Franco,Grand Junction,CO,31:29.th,Colorado Mesa University
9,523767,Annika,Teschke,Saint Charles,MO,33:53.th,Lindenwood University
10,402574,Charlotte,Backus,Larkspur,CO,34:02.th,Fort Lewis College
11,326470,Hannah,Arensman,Rutherford College,NC,37:22.th,Brevard College
12,334082,Ashley,weaver,St. Charles ,MO,37:23.th,Lindenwood University
13,526628,Josefine,Dreier,Grand Junction,CO,37:23.th,Colorado Mesa University
14,311541,Hannah,Swan,Alpine,CA,37:24.th,Milligan College
15,302383,Katherine,Santos,Louisville,KY,37:26.th,Marian University
16,338856,Brissia,Montalvo,El Paso,TX,37:27.th,Midwestern State University
17,311037,Amy,Floyd,Wichita Falls,TX,37:27.th,Midwestern State University
18,485918,kelsay,lundberg,Salida,CO,37:30.th,Fort Lewis College
19,516656,Emelie,Persson,Grand Junction,CO,37:32.th,Colorado Mesa University
20,431939,Ellen,Campbell,Durango,CO,40:11.th,Fort Lewis College
21,517696,Helen,Mitchell,Milligan College,TN,42:42.th,Milligan College
22,487145,Maxyna,Cottam,Wichita Falls,TX,42:44.th,Midwestern State University
23,383001,Victoria,Kanizer,Owasso,OK,42:49.th,Milligan College
24,315188,Marta,Morris,Grand Junction,CO,44:10.th,Marian University
25,468081,Ellie,Morgenthaler,Chesterfield,MO,44:11.th,Lindenwood University
26,414385,Ariane,Horbach,Grand Junction,CO,44:16.th,Colorado Mesa University
27,323042,Morgan,Miller,Charleston,TN,51:17.th,Milligan College
28,288099,Stephanie,Nave,Johnson City,TN,52:07.th,Milligan College
29,319270,Rachel,Swan,Alpine,CA,52:08.th,Milligan College
30,423254,Paige,Shook,Weaverville,NC,52:10.th,Mars Hill University
31,432692,Gabriella,Arnold,Indianapolis,IN,52:15.th,Marian University
32,422584,Tristen,Musselman,Flagstaff,AZ,52:15.th,Fort Lewis College
33,516545,Stacey,Hyslolp,Banner Elk,NO,52:16.th,Lees-McRae College
34,229338,Zoe,Frazier,Suwanee,GA,52:50.th,Marian University
35,331614,Erin,Sferrazza,North Easton,MA,08:15.th,Lees-McRae College
36,477193,Keren,Wallace,Gunnison,CO,09:30.th,Western State Colorado University
37,412604,Emily,Strange,Jackson,TN,09:34.th,Mars Hill University
DNS,524944,Lisa,Neumueller,Savannah,GA,DNS,Savannah College of Art & Design - Savannah
DNF,273279,RACHEL,CROSS,Maineville,OH,DNF,Marian University
DNF,290669,Zoe,Mullins,Winter Garden,FL,DNF,Milligan College
DNF,295037,Diana,Ramos,Woodstock,GA,DNF,Milligan College

04/29/2017 Road Race Women Division 1 Nationals RR
Place,License #,First,Last,City,State,Time,Team
1,418082,Erica,Clevenger,Tucson,AZ,30:32.th,University of Arizona
2,496869,Heidi,Franz,Kirkland,WA,30:50.th,Seattle University
3,512762,Lily,Williams,Asheville,NC,30:56.th,Northwestern University
4,359346,Jessica,Bobeck,Albuquerque,NM,31:43.th,University of Colorado Boulder
5,449014,Hayley,Bates,Colorado Springs,CO,35:11.th,Colorado College
6,433301,Samantha,Fox,Philadelphia,PA,35:13.th,Drexel University
7,433105,Brenna,Gibbons,Madison,WI,35:13.th,University of Wisconsin- Madison
8,220876,Katherine,Shields,Salt Lake City,UT,35:14.th,Wake Forest University
9,520083,Daniela,Deschamps,Stanford,CA,35:14.th,Stanford University
10,441168,Jenna,Stauffer,Highlands Ranch,CO,35:14.th,University of Denver
11,413867,Danielle,Clark,Greenville,SC,35:14.th,Furman University
12,496675,Maddy,Ward,Los Angeles,CA,35:15.th,University of California-Los Angeles
13,314034,Emily,Schaldach,Durango,CO,35:15.th,University of Colorado Boulder
14,414929,Kristina,Vrouwenvelder,Louisville,CO,35:31.th,University of Colorado Boulder
15,478233,Elizabeth,Huuki,Pipersville,PA,37:19.th,US Military Academy
16,499797,Danielle,Morshead,San Anselmo,CA,38:38.th,Brown University
17,291367,Claire,vanEkdom,Chevychase,MD,38:43.th,University of California-Los Angeles
18,489396,Eleanor,Wiseman,Berkeley,CA,38:47.th,University of California-Berkeley
19,408538,Catherine,Culkin,Ann Arbor,MI,39:06.th,University of Michigan-Ann Arbor
20,486344,Lillian,McCormick,Solana Beach,CA,39:08.th,University of California-San Diego
21,409793,Annie,Pharr,Tuxedo,NC,39:13.th,Appalachian State University
22,487734,Caitlin,Neuman,Madison,WI,39:17.th,University of Wisconsin- Madison
23,291002,Arielle,Little,Berkeley,CA,39:37.th,University of California-Berkeley
24,494683,Katherine,Nadler,San Diego,CA,45:05.th,University of California-San Diego
25,429837,Kathryn,Olesnavage,Redondo Beach,CA,45:05.th,Massachusetts Institute of Technology
26,340844,Jennifer,Wilson,Los Gatos,CA,45:06.th,Stanford University
27,459225,Patricia,Gonzales,Stanford,CA,45:07.th,Stanford University
28,523662,Austin,Thompson,Myrtle Beach,SC,46:14.th,Duke University
29,241489,Anne,Raymond,Cambridge,MA,46:22.th,Massachusetts Institute of Technology
30,395693,Josephine,VanLoozen,Philadelphia,PA,46:25.th,Drexel University
31,486111,Monte,Ho,West Point,NY,46:57.th,US Military Academy
32,334726,Rachel,Geiter,Milwaukie,OR,47:51.th,Stanford University
33,500046,Megan,Galinat,Boise,ID,49:20.th,Northeastern University
34,523588,Christina,Rigsby,Bryan,TX,49:52.th,Texas A & M University
35,495133,Lillian,Kuehl,Blaine,WA,50:28.th,Western Washington University
36,495801,Tori,Wuthrich,Cambridge,MA,51:33.th,Massachusetts Institute of Technology
37,460814,Lizzie,Wright,Providence,RI,54:09.th,Rhode Island School of Design
38,496425,Jessica,Hild,Seattle,WA,55:48.th,University of Washington-Seattle
39,474089,Elisa,Woody,Albuquerque,NM,56:12.th,University of New Mexico
40,366740,Gina,Turrini,Durham,NC,56:51.th,Duke University
41,426069,Laura,Leonard,Arvada,CO,58:48.th,Colorado School of Mines
42,262057,Joy,Franco,Stanford,CA,01:26.th,Stanford University
43,301843,Sophie,Mittelstadt,Bethesda,MD,02:08.th,Colorado College
44,524191,Lena,Stock,Del Mar,CA,04:08.th,University of California-San Diego
45,498735,Anna,Martin,Edwards,CO,04:08.th,University of Denver
46,424669,Sophia,Andrews,Bend,OR,04:33.th,University of Oregon
47,362053,Erin,Paradis,Batavia,IL,12:44.th,Colorado State University
48,424443,Madeleine,Hanley,Lebanon,NJ,16:43.th,Colorado School of Mines
49,459515,Alissa,Albrecht,Tempe,AZ,17:20.th,Arizona State University
50,428382,Amanda,Calvird,Knoxville,TN,36:37.th,The University of Tennessee
DNS,425277,Sarah,Cullen,Northville,MI,DNS,University of Notre Dame
DNF,422664,Emma,Langley,Richmond ,VA,DNF,College of William and Mary
DNF,523756,Sydnee,Hyman,San Diego,CA,DNF,University of California-San Diego
DNF,467179,Emma,Edwards,Cambridge,MA,DNF,Massachusetts Institute of Technology
DNF,414481,Jennifer,Quijada,Flagstaff,AZ,DNF,Northern Arizona University
DNF,496845,Pearl,Dixon,Tucson,AZ,DNF,University of Arizona
DNF,395508,Shelby,Hoglund,Tucson,AZ,DNF,University of Arizona
DNF,469026,Alaina,Yung,Greeley,CO,DNF,University of Northern Colorado
DNF,492822,Laura,Leaton,Charlottesville,VA,DNF,University of Virginia
DNF,496861,Rachel,Parker,Annapolis,MD,DNF,US Naval Academy
DNF,423846,Erin,Thamm,Annapolis,MD,DNF,US Naval Academy
DNF,298454,Fiona,Bennitt,Walla Walla,WA,DNF,Whitman College

04/28/2017 Time Trial Men Division 1 Collegiate
Place,License #,First,Last,City,State,Time,Team
1,399388,George,Simpson,Fort Collins,CO,32:22.th,Colorado State University
2,428009,Sam,Fritz,Princeton,MN,33:46.th,University of Minnesota-Duluth
3,240153,Glenn,Ferreira,Manville,NJ,34:30.th,University of Delaware
4,375247,Cyrus,Pearo,Denver,CO,34:30.th,University of Colorado Denver
5,249191,David,Kessler,Boulder,CO,35:00.th,Rhode Island School of Design
6,331166,Ben,Bradley,Plaquemine,LA,35:43.th,Tulane University of Louisiana
7,295785,Colin,Catlin,Saint Paul,MN,35:51.th,University of Minnesota-Twin Cities
8,309840,Josh,PrattFerguson,Orovalley,AZ,35:58.th,University of Arizona
9,387057,Brady,Reed,Magnolia,TX,36:08.th,Texas A & M University
10,460162,Hoel,Wiesner,Rensselaer,NY,36:10.th,Duke University
11,419955,Bryan,Little,Vail,AZ,36:12.th,University of Arizona
12,466498,Thomas,Brown,Little Rock,AR,36:14.th,University of Arkansas
13,498282,Eric,Sasse,Los Angeles,CA,36:37.th,Johns Hopkins University
14,394252,Omar,Nunez,Laredo,TX,36:46.th,Texas A & M University
15,106932,Coul,Hill,Billings,MT,36:57.th,Montana State University
16,489166,Colin,Patterson,Palo Alto,CA,37:08.th,California Polytechnic-San Luis Obispo
17,263998,Reese,Levine,Orinda,CA,37:10.th,University of California-Berkeley
18,406377,Brian,Lea,Bartlesville,OK,37:15.th,University of Arkansas
19,456318,Ethan,Call,Jefferson,NH,37:22.th,Dartmouth College
20,355158,Andrew,Frank,Helena,MT,37:44.th,The University of Montana
21,379982,Joshua,Spokes,Baltimore,MD,37:46.th,University of Maryland-College Park
22,467304,Scott,Coblentz,Frederick,MD,37:58.th,Shippensburg University of Pennsylvania
23,310212,Zachary,Isaacs,Oakland,CA,37:59.th,Dartmouth College
24,366496,Nikita,Lindgren,Tucson,AZ,38:14.th,University of Arizona
25,448552,Andrew,Scott,Seal Harbor ,NJ,38:18.th,Princeton University
26,493748,Benjamen,Shrewsberry,Fredericksburg,VA,38:29.th,Shippensburg University of Pennsylvania
27,424342,Ben,Rothschild,Atlanta,GA,38:33.th,Georgia Institute of Technology
28,394505,Castle,Gay,Tucson,AZ,38:37.th,University of Arizona
29,290838,Zachary,Berkow,Bethesda,MD,38:45.th,Dartmouth College
30,277170,Joseph,Tarnowski,Milwaukee,WI,38:51.th,University of Wisconsin- Madison
31,460805,Justin,Bandoro,Medford,MA,38:52.th,Massachusetts Institute of Technology
32,354166,Benjamin,Spain,Raleigh,NC,38:56.th,Tulane University of Louisiana
33,455497,Tristan,Manderfeld,Colorado Springs ,CO,38:58.th,US Military Academy
34,459350,Jacob,Shupe,Greenwood,IN,39:02.th,Purdue University
35,460469,Evan,Schmit,Harrisonbrug,VA,39:05.th,James Madison University
36,501936,Tyler,Wolfe,Baltimore,MD,39:06.th,Johns Hopkins University
37,456301,Zach,Hostetler,Stokesdale,NC,39:27.th,Baylor University
38,481937,Alexander,Gilliam,Richmond,VA,39:50.th,College of William and Mary
39,299528,Remy,CantoAdams,Windsor,CA,40:08.th,California Polytechnic-San Luis Obispo
40,466208,Darin,Alleman,Fredericksburg,VA,40:16.th,Shippensburg University of Pennsylvania
41,324476,Luis,Leme,Mc Lean,VA,40:33.th,Virginia Polytechnic University
42,429496,Alex,Mahlandt,Frederick,MD,40:41.th,University of Maryland-College Park
43,217427,David,Miller,Stanford,CA,42:36.th,Stanford University
DNS,404821,Rees,York,Monument,CO,DNS,Colorado State University
DNS,337040,Stephan,Hirsch,Oklahoma City,OK,DNS,Marian University
DNS,485070,Thomas,Gauthier,Durango,CO,DNS,Fort Lewis College
DNS,207381,Artur,Sagat,Roswell,GA,DNS,Savannah College of Art and Design - Atlanta

04/28/2017 Time Trial Women Division 2 Collegiate
Place,License #,First,Last,City,State,Time,Team
1,358569,Janelle,Cole,Newaygo,MI,41:35.th,Brevard College
2,326470,Hannah,Arensman,Rutherford College,NC,42:15.th,Brevard College
3,515536,Mackenize,Myatt,Atlanta,GA,43:00.th,Savannah College of Art and Design - Atlanta
4,477193,Keren,Wallace,Gunnison,CO,47:33.th,Western State Colorado University

04/28/2017 Time Trial Women Division 1 Collegiate
Place,License #,First,Last,City,State,Time,Team
1,496869,Heidi,Franz,Kirkland,WA,39:38.th,Seattle University
2,418082,Erica,Clevenger,Tucson,AZ,40:06.th,University of Arizona
3,499797,Danielle,Morshead,San Anselmo,CA,40:23.th,Brown University
4,512762,Lily,Williams,Asheville,NC,40:42.th,Northwestern University
5,520083,Daniela,Deschamps,Stanford,CA,40:43.th,Stanford University
6,220876,Katherine,Shields,Salt Lake City,UT,41:03.th,Wake Forest University
7,478233,Elizabeth,Huuki,Pipersville,PA,41:42.th,US Military Academy
8,496675,Maddy,Ward,Los Angeles,CA,42:17.th,University of California-Los Angeles
9,298454,Fiona,Bennitt,Walla Walla,WA,42:19.th,Whitman College
10,486111,Monte,Ho,West Point,NY,42:41.th,US Military Academy
11,441168,Jenna,Stauffer,Highlands Ranch,CO,42:48.th,University of Denver
12,500046,Megan,Galinat,Boise,ID,43:51.th,Northeastern University
13,474089,Elisa,Woody,Albuquerque,NM,43:56.th,University of New Mexico
14,523662,Austin,Thompson,Myrtle Beach,SC,44:12.th,Duke University
15,495133,Lillian,Kuehl,Blaine,WA,44:40.th,Western Washington University
16,523588,Christina,Rigsby,Bryan,TX,44:57.th,Texas A & M University
17,395693,Josephine,VanLoozen,Philadelphia,PA,46:07.th,Drexel University
18,460814,Lizzie,Wright,Providence,RI,46:11.th,Rhode Island School of Design
19,460897,Elizabeth,Psiaki,West Point,NY,46:59.th,US Military Academy
20,496425,Jessica,Hild,Seattle,WA,47:18.th,University of Washington-Seattle
21,425277,Sarah,Cullen,Northville,MI,47:25.th,University of Notre Dame
DNF,291367,Claire,vanEkdom,Chevychase,MD,DNF,University of California-Los Angeles

04/28/2017 Time Trial  Division 2 Collegiate
Place,License #,First,Last,City,State,Time,Team
1,267850,Zachary,Nehr,Fox Point,WI,35:16.th,Marian University
2,308175,Wilman,Vargas,Atlanta,GA,36:14.th,Savannah College of Art and Design - Atlanta
3,330752,Clayton,Stone,Anthem,AZ,36:47.th,Savannah College of Art & Design - Savannah
4,382085,Ryan,Trimble,Snohomish,WA,37:03.th,Western State Colorado University
5,504799,Peter,Foerster,Atlanta,GA,37:05.th,Savannah College of Art and Design - Atlanta
6,473444,Grant,Gipson,Leadville,CO,37:11.th,Western State Colorado University
7,178109,Andrew,Scarano,Athens,GA,37:35.th,Savannah College of Art and Design - Atlanta
8,413738,Mark,Johnson,Englewood,CO,39:43.th,Adams State University
9,376554,Jeremy,Norris,Estes Park,CO,40:17.th,Adams State University

04/28/2017 Team Time Trial Men Division 2 Nationals TTT
Place,License #,First,Last,City,State,Time,Team
1,0,Men,MAR,,,42:42.th,Marian University
2,0,Men,CMU,,,42:54.th,Colorado Mesa University
3,0,Men,FLC,,,43:24.th,Fort Lewis College
4,0,Men,LIND,,,43:40.th,Lindenwood University
5,0,Men,MSU,,,43:44.th,Midwestern State University
6,0,Men,KING,,,43:45.th,King University
7,0,Men,SCAA,,,44:09.th,Savannah College of Art and Design - Atlanta
8,0,Men,LMC,,,44:30.th,Lees-McRae College
9,0,Men,MILL,,,45:38.th,Milligan College
10,0,Men,PIED,,,45:50.th,Piedmont College
11,0,Men,WWC,,,46:03.th,Warren Wilson College
12,0,Men,BAC,,,47:09.th,Belmont Abbey College

04/28/2017 Team Time Trial Men Division 1 Nationals TTT
Place,License #,First,Last,City,State,Time,Team
1,0,Men,CUB,,,42:09.th,University of Colorado Boulder
2,0,Men,CSU,,,42:39.th,Colorado State University
3,0,Men,UMW,,,44:25.th,University of Wisconsin- Madison
4,0,Men,UCLA,,,44:25.th,University of California-Los Angeles
5,0,Men,USAF,,,44:27.th,US Air Force Academy
6,0,Men,UAZ,,,44:27.th,University of Arizona
7,0,Men,UCD,,,46:13.th,University of California-Davis
8,0,Men,UCB,,,46:44.th,University of California-Berkeley
9,0,Men,MIT,,,46:51.th,Massachusetts Institute of Technology
10,0,Men,ARMY,,,47:01.th,US Military Academy
11,0,Men,SHIP,,,47:22.th,Shippensburg University of Pennsylvania
12,0,Men,CSM,,,47:54.th,Colorado School of Mines
13,0,Men,WWU,,,48:34.th,Western Washington University
14,0,Men,STAN,,,48:44.th,Stanford University
15,0,Men,WHIT,,,49:09.th,Whitman College
16,0,Men,UND,,,49:26.th,University of Notre Dame
17,0,Men,NAVY,,,49:50.th,US Naval Academy

04/28/2017 Team Time Trial Women Division 2 Nationals TTT
Place,License #,First,Last,City,State,Time,Team
1,0,Women,MAR,,,49:46.th,Marian University
2,0,Women,CMU,,,50:51.th,Colorado Mesa University
3,0,Women,LIND,,,51:51.th,Lindenwood University
4,0,Women,MSU,,,52:42.th,Midwestern State University
5,0,Women,FLC,,,53:00.th,Fort Lewis College
6,0,Women,MILL,,,53:25.th,Milligan College
7,0,Women,LMC,,,55:05.th,Lees-McRae College
8,0,Women,WWC,,,06:04.th,Warren Wilson College

04/28/2017 Team Time Trial Women Division 1 Nationals TTT
Place,License #,First,Last,City,State,Time,Team
1,0,Women,STAN,,,51:50.th,Stanford University
2,0,Women,MIT,,,52:14.th,Massachusetts Institute of Technology
3,0,Women,CUB,,,52:52.th,University of Colorado Boulder
4,0,Women,UCB,,,52:55.th,University of California-Berkeley
5,0,Women,UWM,,,54:02.th,University of Wisconsin- Madison
6,0,Women,UCSD,,,54:37.th,University of California-San Diego
7,0,Women,Army,,,55:51.th,US Military Academy
8,0,Women,CSM,,,59:27.th,Colorado School of Mines
