Philly Phlyer 2011 in Philadelphia PA Results

03/20/2011 Criterium Men Intro Collegiate
Place,License #,First,Last,City,State,Time,Team
1,0,Steven,Francisco,,,  ,University of Delaware
2,340008,Alex,Su,Boston,MA,  ,Boston University
3,339580,Kevin,Higgins,York,ME,  ,Rensselaer Polytechnic Institute
4,341820,Steven,George,Levittown,PA,  ,Temple University
5,340002,Michael,Robichaud,Boston,MA,  ,Boston University
6,344540,Nicholas,Woodman,Saco,ME,  ,Rochester Institute of Technology
7,322232,Thomas,Calcagni,Allentown,PA,  ,Drexel University
8,340230,Dylan,Hutchison,Wayne,NJ,  ,Stevens Institute of Technology
9,332204,Dylan,Hoffman,Stockholm,NJ,  ,Stevens Institute of Technology
10,0,Noah,Shapiro,,,  ,Northeastern University
11,0,John,Hill,,,  ,University of Delaware
12,339376,Michael,Karpiel,Fairfield,CT,  ,University of Connecticut
13,338798,Dustin,Lowry,Shippensburg,PA,  ,Shippensburg University of Pennsylvania
14,335960,John,Corbo,Cheshire,CT,  ,University of Connecticut
15,331798,Joseph,Currie,Evans Mills,NY,  ,Rochester Institute of Technology

03/20/2011 Criterium Men Cat D Collegiate
Place,License #,First,Last,City,State,Time,Team
1,329838,Jacob,Warshaw,Burlington,VT,0,University of Vermont
1,307065,Marshall,Moore,Providence,RI,  ,Brown University
2,290962,Dana,Greenlaw,Morgan Hill,CA,0,University of Vermont
2,340106,Aaron,Perelman,Hoboken,NJ,  ,Stevens Institute of Technology
3,309371,Andrew,Walker,Wilmington,DE,0,University of Delaware
3,309484,Alexander,Reich,Pottstown,PA,  ,Millersville University-Pennsylvania
4,0,Russ,Reitter,,,0,University of Maryland-College Park
4,336526,William,Hluchan,Washington,DC,  ,American University
5,336508,David,Slochower,Philadelphia,PA,0,University of Pennsylvania
5,307321,Gil,Erlich,Lewisburg,PA,  ,Bucknell University
6,334582,Nicholas,Chen,New York,NY,0,University of Pennsylvania
6,341976,Seth,Campbell,Allentown,PA,  ,DeSales University
7,309370,George,Weiler,Wilmington,DE,0,University of Delaware
7,307106,Brian,Tang,Storrs Mansfield,CT,  ,Yale University
8,327660,Paul,DeVito,State Colleges,PA,0,Pennsylvania State University
8,340690,Ryan,Norris,Rochester,NY,  ,Rochester Institute of Technology
9,308810,Brendan,Diener,New Castle,DE,0,Drexel University
9,303254,Kip,Denoyer,Medford,MA,  ,Tufts University
10,337888,Caleb,Browning,Freehold,NJ,0,University of Connecticut
10,334924,Alexander,Creely,Princeton,NJ,  ,Princeton University
11,308758,Alexander,Brown,Philadelphia,PA,0,University of Pennsylvania
11,313652,Elias,Putzig,Rochester,NY,  ,Rochester Institute of Technology
12,341042,Rob,Furr,Bear,DE,0,University of Delaware
12,340254,Evan,Coates,Philadelphia,PA,  ,Yale University
13,305962,Anthony,Altimore,Washington,DC,0,University of Pennsylvania
13,343482,Jack,Bott,Annandale On Hudson,NY,  ,Bard College
14,305868,Eric,Emery,Ridley Park,PA,0,Cornell University
14,277315,Jacob,Gerber,Mountville,PA,  ,Millersville University-Pennsylvania
15,311844,Colin,Kipping-Ruane,Chadds Ford,PA,0,Boston University
15,0,Todd,Stone,,,  ,Loyola University-Maryland
16,340734,Ian,Bensco,Havkettstown,NJ,0,Pennsylvania State University
16,280461,Luke,Thomas,Interlaken,NY,  ,Rochester Institute of Technology
17,0,Kenneth,Murphy,,,0,University of Maryland-College Park
17,337032,John,Dickmann,Villanova,PA,  ,Villanova University
18,275730,Jozef,Jozefowski,Philadelphia,PA,0,Temple University
18,308308,David,DeWitt,Newhaven,CT,  ,Yale University
19,336024,Matthew,Drury,Jim Thorpe,PA,0,Pennsylvania State University
19,334910,Elan,Kugelmass,Princeton,NJ,  ,Princeton University
20,301524,Cody,Slack,University Park,PA,0,Pennsylvania State University
20,341118,William,Holm,Lewisburg,PA,  ,Bucknell University
21,335666,Zhongrong,Wang,Lancaster,PA,  ,Franklin and Marshall College
21,339204,Ross,Creed,Philadelphia,PA,0,Temple University
22,331004,Nicolas,Paris,Pittsburgh,PA,  ,Carnegie Mellon University
22,344098,Mark,McShane,Philadelphia,PA,0,Pennsylvania State University
23,212068,Riley,Spencer,Washington ,DC,  ,American University
23,340174,Chris,Barr,Stratham,NH,0,University of New Hampshire
24,290417,Michael,Driscoll,Lewisburg,PA,  ,Bucknell University
24,307542,Andrew,Pezzimenti,Stamford,CT,0,University of Connecticut
25,311111,Will,Kavanagh,Villanova,PA,  ,Villanova University
25,344606,James,Schuler,Newfane,NY,0,SUNY-Buffalo
26,341708,Tyler,Smith,Glenmoore,PA,  ,Millersville University-Pennsylvania
26,309368,Peter,Ott,Newark,DE,0,University of Delaware
27,340460,Ivan,Goryachev,Nashua,NH,0,Northeastern University
28,336386,Ian,Murray,Amherst,NY,0,University of Pennsylvania
29,306116,Chatura,Atapattu,New York,NY,,Columbia University-NYC
30,308286,Adam,Scianna,Norwalk,CT,0,University of Connecticut
31,343024,Alexander,Buell,Wakefield,RI,0,University of New Hampshire
32,327626,Tyler,Erdely,Perryopolis,PA,0,Pennsylvania State University
33,338832,James,Roy,Lynn,MA,0,University of Massachusetts-Amherst
34,339202,Joseph,DiBerardinis,Downingtown,PA,0,Temple University
35,334018,Micah,Lerner,Los Altos,CA,0,Cornell University
36,327646,Chad,Baltozer,Chambersburg,PA,0,Pennsylvania State University
37,342738,Andrew,Piechowicz,Amherst,NY,0,SUNY-Buffalo
38,308507,Ryan,Exner,Clarks Summit,PA,0,Temple University
39,340468,Jonathan,Tang,State College,PA,0,Pennsylvania State University
DNF,287492,Adric,Quackenbush,Westfield,NJ,DNF,Franklin and Marshall College
DNF,341094,Raymond,Auduong,Princeton,NJ,DNF,Princeton University
DNF,284754,Robert,Winnett,Attleboro,MA,DNF,Boston University

03/20/2011 Criterium Men Cat C Collegiate
Place,License #,First,Last,City,State,Time,Team
1,291509,Eian,Prohl,Providence,RI,  ,University of New Hampshire
1,294975,Matthieu,Talpe,Boston,MA,  ,Massachusetts Institute of Technology
2,339480,Tomas,Ketcham,Philadelphia,PA,  ,Columbia University-NYC
2,329626,Joseph,Near,Kensington,CA,  ,Massachusetts Institute of Technology
3,334618,Patrick,Glover,Philadelphia,PA,  ,University of Pennsylvania
3,337424,Sebastien,Gauthier,Somerville,MA,  ,Massachusetts Institute of Technology
4,218857,Michael,Garretson,Hadden Heights,NJ,  ,Pennsylvania State University
4,304259,Andrew,Haggerty,Boston,MA,  ,Millersville University-Pennsylvania
5,340670,Dylan,Lowe,New York,NY,  ,Columbia University-NYC
5,327318,Andrew,Lysaght,Somerville,MA,  ,Massachusetts Institute of Technology
6,336654,Bryan,Carbone,Towaco,NJ,  ,Drexel University
6,327834,Bill,Quach,Austin,TX,  ,Brown University
7,341040,Eran,Preble,Philadelphia ,PA,  ,University of Delaware
7,318918,Tom,Robson,Boulder,CO,  ,Dickinson College
8,292295,andrew,burke,Amherst,NY,  ,SUNY-Buffalo
8,343054,Cameron,Piper,Morgan Hill,CA,  ,Villanova University
9,303337,Byron,Hood,Cambridge,MA,  ,Harvard University
9,306740,Joshua,Kurtz,Lewisburg,PA,  ,Bucknell University
10,341846,James,Kennedy,Denville,NJ,  ,University of New Hampshire
10,309437,Justin,Yeash,Richland,WA,  ,Villanova University
11,336448,Adam,Capatch,State College,PA,  ,Pennsylvania State University
11,308212,Daniel,Blizzard,New Haven,CT,  ,Yale University
12,334592,Doug,Schaefer,Philadelphia,PA,  ,University of Pennsylvania
12,290067,Brian,Tino,Lewisburg,PA,  ,Bucknell University
13,341636,Sheldon,McKinley,Plaistow,NH,  ,University of New Hampshire
13,307862,Nicholas,Geiser,Providence,RI,  ,Yale University
14,339504,Alex,Carmona,Austin,TX,  ,University of Massachusetts-Amherst
14,306742,Anthony,Cross,San Marcos,TX,  ,Princeton University
15,309170,Jacob,Rubin,Monticello,NY,  ,University of Delaware
15,244750,Matthew,Warbrick,Tuxedo Park,NY,  ,Rensselaer Polytechnic Institute
16,298816,Michael,Farrar,San Diego,CA,  ,Northeastern University
16,306912,Pete,LoBianco,York,PA,  ,Shippensburg University of Pennsylvania
17,252920,Eric,Panicucci,Milford,PA,  ,Northeastern University
17,340750,Justin,Gero,Annandale On Hudson,NY,  ,Bard College
18,311533,Jonathan,Cusick,Burlington,VT,  ,University of Vermont
18,305134,Michael,Martin,Brooklyn,CT,  ,Johns Hopkins University
19,338510,Kevin,Ordons,Pittsburgh,PA,  ,University of Pittsburgh
19,339048,Vincent,Arrunategui,Baltimore,MD,  ,Loyola University-Maryland
20,337186,Jordan,Steelman,Silver Spring,MD,  ,University of Pittsburgh
20,308944,David,Hocker,Brooklyn,NY,  ,Princeton University
21,255471,Matthew,Lewis,Washington,DC,  ,Columbia University-NYC
21,337398,Zachary,Ulissi,Millbrae,CA,  ,Massachusetts Institute of Technology
22,153884,David,Kina,East Aurora,NY,  ,SUNY-Buffalo
22,0,Joshua,Mayo,,,  ,Georgetown University
23,302489,Carl,Smith,Burlington,VT,  ,University of Vermont
23,334138,Ian,Forsyth,Lewiston,NY,  ,Yale University
24,326042,Tanner,Haskins,Burlington,VT,  ,University of Vermont
24,235310,Bradley,Quinnan,Newtown,PA,  ,Shippensburg University of Pennsylvania
25,293331,Zachary,Repp,Yardley,PA,  ,Pennsylvania State University
25,267160,Eric,Schumacher,Exton,PA,  ,Lehigh University
26,284274,Scott,Igo,Burlington,VT,  ,University of Vermont
26,333234,Kyle,Shatzer,Pittsburgh,PA,  ,Carnegie Mellon University
27,336958,Joseph,Halo,West Haven,CT,  ,Pennsylvania State University
27,275667,Isaac,Spingarn,Warren,NJ,  ,Stevens Institute of Technology
28,295768,Joshua,Saxe,Montpelier,VT,  ,University of Vermont
28,307483,Scott,Henry,Shavertown,PA,  ,Bucknell University
29,311090,Max,Dougherty,Boise,ID,  ,University of Vermont
29,311827,Matthew,Conroy,Shippensburg,PA,  ,Shippensburg University of Pennsylvania
30,307696,Colby,Samstag,Seattle,WA,  ,University of Pennsylvania
30,277927,Anthony,Castiglia,Rochester,NY,  ,Rochester Institute of Technology
31,308022,Darren,Xu,Philadelphia,PA,  ,University of Pennsylvania
32,231352,Michael,Dunstan,Duluth,MN,  ,University of New Hampshire
33,312282,Alexander,Szela,Newark,DE,  ,University of Delaware
34,339200,Sean,Butler,Phoenixville,PA,0,Temple University
35,290984,Eric,Adams,Poughkeepsie,NY,0,University of Delaware
36,340484,Joe,Liston,Limerick,PA,0,University of Pittsburgh
37,309510,Logan,Cawley,New York,NY,0,Pennsylvania State University
38,290086,Eric,Mayer,Feasterville,PA,0,Temple University
39,305190,Sean,Spencer,Washington ,DC,0,University of Pennsylvania
40,308768,Keith,Toombs,Amherst,MA,0,University of Massachusetts-Amherst
41,308174,Joe,Weiss,Gales Ferry,CT,0,University of Massachusetts-Amherst
42,309078,Andrew,Vogeler,Bethelpark,PA,0,University of Pittsburgh
43,259265,Jerome,Sanders,Chickasha,OK,0,University of Connecticut
44,0,Cornelius,Rand,,,0,University of Vermont
45,258383,Brendan,Murray,Chapel Hill,NC,0,Appalachian State University
46,336984,Kurt,Weiberth,Ringoes,NJ,0,University of Pittsburgh
47,310676,Ernie,Lehman,Navarre,OH,0,Pennsylvania State University
48,276747,Ethan,Suttner,Ithaca,NY,0,Cornell University
49,309046,Christopher,Gilbert,Jamaica Plain,MA,0,Harvard University
DNF,232292,Ben,Civiletti,Burlington,VT,DNF,University of Vermont
DNF,315400,Hunter,Resek,East Dover,VT,DNF,University of New Hampshire
DNF,293583,Karl,Haloj,Burlington,VT,DNF,Middlebury College
DNF,275355,John,Romanishin,Cambridge,MA,DNF,Massachusetts Institute of Technology
DNF,326424,Ralph,Allen,Farmington,CT,DNF,Rochester Institute of Technology
DNF,306820,Steven,Ji,Somerville,MA,DNF,Massachusetts Institute of Technology
DNF,284974,travis,wolfe,Baltimore,MD,DNF,Carnegie Mellon University
DNF,339402,Connor,Walsh,Killingworth,CT,DNF,Rochester Institute of Technology
DNF,275366,Nathaniel,Dixon,Cambridge,MA,DNF,Massachusetts Institute of Technology
DNF,258100,Gregory,Wesolowich,Warrington,PA,DNF,Millersville University-Pennsylvania
DNF,0,John,Macchione,,,DNF,Georgetown University

03/20/2011 Criterium Men Cat B Collegiate
Place,License #,First,Last,City,State,Time,Team
1,243617,Jesus,Martinez,New York,NY,  ,Columbia University-NYC
2,204182,Aaron,Snyder,Lemont,PA,  ,Shippensburg University of Pennsylvania
3,237360,Charles,Hanlon,Phoenixville,PA,  ,Kutztown University of Pennsylvania
4,341466,Jonathan,Cochrane,Washington,DC,  ,Pennsylvania State University
5,305189,Sam,Hickey,Boston,MA,  ,Massachusetts Institute of Technology
6,307430,Adam,Bry,Cambridge,MA,  ,Massachusetts Institute of Technology
7,229657,Christopher,Mondiek,Schenectady,NY,  ,Rochester Institute of Technology
8,290304,Marten,Beels,Lansdale,PA,  ,Lehigh University
9,279771,Spencer,Schaber,Saint Louis Park,MN,  ,Massachusetts Institute of Technology
10,309324,Dominic,Caiazzo,Bronx,NY,  ,Northeastern University
11,234714,Taylor,Schwartz,San Francisco,CA,  ,Tufts University
12,306570,Erik,Gonsiorowski,Arlington,MA,  ,Rensselaer Polytechnic Institute
13,337650,Michael,Frankovich,Cambridge,MA,  ,Massachusetts Institute of Technology
14,291759,Nicholas,Walulik,Soquel,CA,  ,Stevens Institute of Technology
15,275827,ERIC,MOON,Willow Street,PA,  ,Millersville University-Pennsylvania
16,307239,James,Wolf,Lancaster,PA,  ,Franklin and Marshall College
17,228086,Harry,Chen,East Brunswick,NJ,  ,Bucknell University
18,290822,Preston,Buehrer,Dorchester,MA,  ,Boston University
19,290782,Ian,Schon,Brookline,MA,  ,Boston University
20,266520,Adam,Zeldin,Tucson,AZ,  ,Johns Hopkins University
21,221656,Ivan,Temnykh,Pa Furnace,PA,  ,Pennsylvania State University
22,278688,Conor,Walsh,Carlisle,MA,  ,Boston University
23,292036,Hughes,Burridge,Roxbury Crossing,MA,  ,Northeastern University
24,310816,Eliot,Scymanski,Hamden,CT,  ,Franklin and Marshall College
25,290632,Andrew,Mitstifer,Brooklyn,NY,  ,Franklin and Marshall College
26,305805,Alex,Grant,Somerville,MA,  ,Tufts University
27,253884,Ryan,McKenna,San Francisco,CA,  ,Franklin and Marshall College
28,308062,Mariano,Garay,Hummelstown,PA,  ,Pennsylvania State University
29,261096,Amos,Meyers,Augusta,GA,  ,University of Pittsburgh
30,290753,Brian,Devaney,Burlington,VT,  ,University of Vermont
31,290998,Michael,Gaskin,Sherborn,MA,  ,Middlebury College
32,275309,Elliott,Brennan,New Haven,CT,  ,Yale University
33,340226,Coby,Hutzler,Portland,OR,  ,American University
34,291228,Brett,Houser,Philadelphia,PA,  ,Drexel University
35,305280,Nick,Bessman,Philadelphia,PA,  ,University of Pennsylvania
36,285846,Marcos,Picchio,Flemington,NJ,  ,Rutgers University-New Brunswick/Piscataway
37,288379,Garrick,Dixon,Manlius,NY,  ,Northeastern University
38,275706,Matthew,Titus,Troy,NY,  ,Rensselaer Polytechnic Institute
39,306437,Devin,Wagner,Marlborough,CT,  ,Rensselaer Polytechnic Institute
40,273298,Zachary,Zerby,Pottstown,PA,  ,University of Pittsburgh
41,273753,Michael,Longeri,Newmarket,NH,  ,University of New Hampshire
42,306921,YiPeng,Teoh,Providence,RI,  ,Brown University
43,273138,Kevin,Curran,Madison Township,PA,  ,Bucknell University
DNF,272981,Max,Caspescha,Westport,CT,DNF,University of Connecticut
DNF,301422,Dan,Ipp,Livingston,NJ,DNF,Rochester Institute of Technology
DNF,339004,Jordan,Diekema,Holland,MI,DNF,Harvard University

03/20/2011 Criterium Men Cat A Collegiate
Place,License #,First,Last,City,State,Time,Team
1,290610,Max,Korus,Menlo Park,CA,  ,University of Pennsylvania
2,307642,Evan,Murphy,Portland,OR,  ,Rhode Island School of Design
3,288856,Robert,Abramo,Ambler,PA,  ,Villanova University
4,279988,Tim,Weiler,Wilmington,DE,  ,University of Maryland-College Park
5,290653,Samson,McHugh,Edgewood,PA,  ,University of Pittsburgh
6,273234,Wyatt,Stoup,Cochranville,PA,  ,Pennsylvania State University
7,244283,Edward,Grystar,Oakmont,PA,  ,Brown University
8,290847,Garrett,Olsen,Santa Monica,CA,  ,Villanova University
9,191021,Nicholas,Reinert,Mertztown,PA,  ,University of Pittsburgh
10,230558,Rodney,Santiago,Allentown,PA,  ,Pennsylvania State University
11,239823,Kevin,McGuire,Miami,FL,  ,Pennsylvania State University
12,289096,James,Thornton,Fort Leonard Wood,MO,  ,US Military Academy
13,289882,Charles,Salzer,New York,NY,  ,Franklin and Marshall College
14,244348,Benjamin,Grass,Missoula,MT,  ,Dartmouth College
15,258621,Peter,Hagerty,Minnetonka,MN,  ,Rochester Institute of Technology
16,289974,Matthew,Means,Nashua,NH,  ,Johns Hopkins University
17,305212,Eric,Poeltl,Naples,FL,  ,University of Pennsylvania
18,275731,S Charles,Zamastil,Wichita Falls,TX,  ,Temple University
19,298718,Gregory,Alexander,Woodbury,MN,  ,Brown University
20,284354,Derek,Harnden,Burlington,VT,  ,University of Vermont
21,242892,Matthew,Buckley,Burlington,VT,  ,University of Vermont
22,276879,Alex,Abarbanel-Grossman,Bloomfield,NJ,  ,Middlebury College
23,277870,David,Ziehr,Boston,MA,  ,Harvard University
24,283375,Matthew,Furlow,Philadelphia,PA,  ,University of Pennsylvania
25,273533,Arnaud,Borner,Mountain View,CA,  ,Pennsylvania State University
26,232942,Christopher,Hamlin,Jonesville,VT,  ,University of Vermont
27,291463,James,Bolognani,Plymouth,NH,  ,University of New Hampshire
28,309485,Rodney,Kauffman,Parkesburg,PA,  ,Millersville University-Pennsylvania
29,201783,Ryan,Smolko,Mifflinburg,PA,  ,Kutztown University of Pennsylvania
30,235849,Zachary,LaBry,Los Angeles,CA,  ,Massachusetts Institute of Technology
31,278441,Olivier,Rolin,State College,PA,  ,Pennsylvania State University
32,296573,John,Herrick,Contoocook,NH,  ,University of Vermont
33,291864,Daniel,Rossi,Wyndmoor,PA,  ,Franklin and Marshall College
34,272367,Ross,Marklein,Laurel,MD,  ,University of Pennsylvania
35,294299,Nathan,Davis,Petersham,MA,  ,University of Vermont
36,223464,Jeffrey,Salvitti,San Francisco,CA,  ,Bucknell University
37,289102,Brenden,Siekman,Raeford,NC,  ,US Military Academy
38,288844,Craig,Keasler,Santa Barbara,CA,  ,Boston University
39,308875,John,Farrell,Allston,MA,  ,University of Pennsylvania
40,289626,Nick,Garcia,Copperas Cove,TX,  ,US Military Academy
41,276042,Patrick,Dunn,Lynnwood,WA,  ,Rensselaer Polytechnic Institute
42,276034,Patrick,Galvin,Worcester,MA,  ,University of New Hampshire
43,276967,Gregory,Keith,Birmingham,AL,  ,US Military Academy
44,288393,Matthew,Griswold,Boston,MA,  ,Boston University
DNF,251832,Robert,Burnett,Golden,CO,DNF,Franklin and Marshall College
DNF,251348,Timothy,Manzella,Malvern,PA,DNF,Drexel University
DNF,211869,Eric,Fischer,Williamsburg,VA,DNF,Yale University
DNF,257138,Andrew,Wheeler,West Point,NY,DNF,US Military Academy

03/20/2011 Criterium Men Cat 3/4
Place,License #,First,Last,City,State,Time,Team
1,286599,James,Guardino,Conshohocken,PA,,Breakawaybikes.com-IFRACTAL
2,240153,Glenn,Ferreira,Manville,NJ,,Massachusetts Institute of Technology
3,259535,Charles,Thompson,Ewing,NJ,,Rockstar Racing / Signature Cycles
4,180680,John,King,Atco,NJ,,Pro Pedals
5,291076,Clint,Dager,Newark,DE,,Raw Talent Ranch/CycleLife
6,0,Gregory,Alexander,,,,
7,0,Joe,Manaccrio,,,,
8,311675,Connor,Campbell,Philadelphia,PA,,QCWCycling/breakawaybikes.com
9,276281,Geoffrey,Rezvani,Elkins Park,PA,,
10,290782,Ian,Schon,Brookline,MA,,Boston University
11,278237,Keith,Hatton,Philadelphia,PA,,Elite Bicycles Inc.
12,149458,Bryan,Hitch,Philadelphia,PA,,elite cycling
13,0,Gerald,Adarago,,,,
14,91489,John,Wilson,King Of Prussia,PA,,
15,200707,Daniel,Langlois,Philadelphia,PA,,
16,40023,Robert,Biese,Kutztown,PA,,Team Vortex
17,290822,Preston,Buehrer,Dorchester,MA,,Boston University
18,55557,Gregory,Danielewicz,Bensalem,PA,,Bike King Racing
19,237360,Charles,Hanlon,Phoenixville,PA,,Guy's Racing Club
20,263495,Nikolajs,Vedejs,Philadelphia,PA,,breakawaybikes.com - IFractal
21,259335,John,Beers,Philadelphia ,PA,,Philadelphia Cyclismo
22,307642,Evan,Murphy,Portland,OR,,CRCA/ FGX Racing
23,291228,Brett,Houser,Philadelphia,PA,,Drexel University
24,306115,Nicholas,Calcagni,Philadelphia,PA,,Team Independence
25,282258,Aaron,Schelegle,Philadelphia,PA,,Breakawaybikes.com-IFRACTAL
26,278688,Conor,Walsh,Carlisle,MA,,Boston University
DNF,290461,Sinead,ODwyer,Jackson,WY,,Bucknell University

03/20/2011 Criterium Women Intro Collegiate
Place,License #,First,Last,City,State,Time,Team
1,341730,Emily,Binder,Schnecksville,PA,  ,Millersville University-Pennsylvania
2,0,Angelia,Fink,,,  ,Bicycle Therapy
3,332542,Amanda,Buerger,Somerville,MA,  ,Northeastern University
4,337178,Katie,Beringer,Arlington,VA,  ,Villanova University
5,340258,Rika,Hirata,Cambridge,MA,  ,Harvard University
6,338442,Katherine,DeCrosta,Mc Lean,VA,  ,Franklin and Marshall College
7,337404,Chelsea,Lane,New Haven,CT,  ,Yale University
8,340972,Kathleen,Ho,Troy,NY,  ,Rensselaer Polytechnic Institute
9,343652,Jacqueline,Pasekallen,Brookline,MA,  ,University of Massachusetts-Amherst
10,330440,Bridgette,Beagen,Madbury,NH,  ,University of New Hampshire
11,337866,Robin,Welling,Minneapolis,MN,  ,University of Vermont
12,341032,Rebecca,Gripp,Newark,DE,  ,University of Delaware
13,343220,Stephanie,Tetlow,Lewisburg,PA,  ,Bucknell University
14,308169,Sara,Wollmacher,New Haven,CT,  ,Yale University
15,341030,Jennifer,Wilkinson,Newark,DE,  ,University of Delaware
16,335820,Kate,Sekula,Vernon Rockville,CT,  ,University of Connecticut

03/20/2011 Criterium Women Cat C Collegiate
Place,License #,First,Last,City,State,Time,Team
1,228726,Ellen,Anderson,Hanover,NH,  ,Dartmouth College
2,309209,Carren,Stika,Lancaster,PA,  ,Pennsylvania State University
3,336564,Lindsey,Knast,Lafayette,CO,  ,Temple University
4,341090,Corrine,Schlabach,Middlebury ,CT,  ,University of New Hampshire
5,303348,Raeanne,Napoleon,Santa Barbara,CA,  ,Boston University
6,309147,Christina,Chnaider,Allston,MA,  ,Boston University
7,340898,Jamie,Brabston,Hoboken,NJ,  ,Stevens Institute of Technology
8,341954,Molly,Bulger,Durham,NH,  ,University of New Hampshire
9,339206,Adriane,Hairston,Seattle,WA,  ,Temple University
10,308052,Gina,DiNunzio,Andover,NJ,  ,Rutgers University-New Brunswick/Piscataway
11,291579,Leah,Ross,Queensbury,NY,  ,University of New Hampshire
12,313102,Megan,Morse,Williamsburg,VA,  ,Pennsylvania State University
13,307686,Ashley,Hurst,New Haven,CT,  ,Yale University
14,337656,Julie,Andren,Cambridge,MA,  ,Massachusetts Institute of Technology
15,338062,Anastasia,Yanchilina,New York,NY,  ,Columbia University-NYC
16,339666,Carrie,Rose,Pensacola,FL,  ,Villanova University
17,337872,Emily,Paxson,Trout Lake,WA,  ,University of Vermont
18,340502,Maria,Berezina,Cambridge,MA,  ,Massachusetts Institute of Technology
19,342478,Hannah,Cole,Durham,NH,  ,University of New Hampshire
20,340648,Gabrielle,Rossi,Union,NJ,  ,Rutgers University-New Brunswick/Piscataway
21,342390,Caroline,Hampson,Peterborough,NH,  ,University of New Hampshire
22,337448,Erica,Spiritos,New York City,NY,  ,Carnegie Mellon University
23,336224,Katherine,Oxman,Warrington,PA,  ,Franklin and Marshall College
24,293185,Nicole,Ogrosso,Hoboken,NJ,  ,Stevens Institute of Technology
25,342306,Allison,LaChance,Jamesville,NY,  ,Rochester Institute of Technology
26,326604,Cynthia,McCormack,Burlington,VT,  ,University of Vermont
27,307706,Lisa,Thompson,Ewing,NJ,  ,Northeastern University
28,336140,Jessica,Garber,Lancaster,PA,  ,Franklin and Marshall College

03/20/2011 Criterium Women Cat B Collegiate
Place,License #,First,Last,City,State,Time,Team
1,306933,Kelly,Desharnais,Pepperell,MA,  ,Bucknell University
2,306550,Ashley,Hopwood,Roxbury Crossing,MA,  ,Northeastern University
3,294746,Christina,Birch,Los Angeles,CA,  ,Massachusetts Institute of Technology
4,277407,Shane,Ferro,Bronx,NY,  ,Columbia University-NYC
5,341222,Rachel,Yodis,Phoenixville,PA,  ,Millersville University-Pennsylvania
6,306824,Shaena,Berlin,Millbrae,CA,  ,Massachusetts Institute of Technology
7,339194,Megan,Lowry,Finksburg,MD,  ,University of Maryland-College Park
8,309498,Carolyn,Carlstrom,Troy,NY,  ,Rensselaer Polytechnic Institute
9,276145,Erica,Blom,New Haven,DC,  ,Yale University
10,307073,Allison,Hugi,New Haven,CT,  ,Yale University
11,307659,Sophy,Lee,San Francisco,CA,  ,Harvard University
12,273541,Rebekah,Morris,Bedminster,NJ,  ,Bucknell University
13,243968,Courtney,Gregor,Chalfont,PA,  ,Franklin and Marshall College
14,291880,Karina,DeMair,Scotch Plains,NJ,  ,Rutgers University-New Brunswick/Piscataway
15,289568,Elizabeth,Marcello,Newyork,NY,  ,Columbia University-NYC
16,0,Jessica,Kuo,,,  ,Georgetown University
17,257694,Catherine,Probst,University Park,PA,  ,Pennsylvania State University
18,290461,Sinead,ODwyer,Jackson,WY,  ,Bucknell University

03/20/2011 Criterium Women Cat A Collegiate
Place,License #,First,Last,City,State,Time,Team
1,311800,Katie,Quinn,San Mateo,CA,  ,Massachusetts Institute of Technology
2,289751,Laura,Ralston,Cambridge,MA,  ,Massachusetts Institute of Technology
3,180423,Colleen,Gulick,Spring City,PA,  ,University of Maryland-College Park
4,291369,Kimberly Ann,Zubris,Alburtis,PA,  ,Boston University
5,156050,Lauren,Shirock,Emmaus,PA,  ,Pennsylvania State University
6,200340,Mandy,Marquardt,Allentown,PA,  ,Pennsylvania State University
7,224221,Virginia,Solomon,Memphis,TN,  ,University of Southern California
8,251573,Antonina,Esposto,Blandon,PA,  ,Kutztown University of Pennsylvania
9,269269,Jessica,Kutz,State College ,PA,  ,Pennsylvania State University
10,261891,Maggie,Sullivan,Boulder,CO,  ,Northeastern University
11,291229,Aimee,Layton,New York,NY,  ,Columbia University-NYC
12,229078,Morgan,Farnsworth,Schnecksville,PA,  ,Pennsylvania State University
13,284662,Isabella,Oleksy,Billerica,MA,  ,University of New Hampshire
14,238042,Leah,Oppenheimer,Newfoundland,NJ,  ,University of Connecticut

03/19/2011 Points Race Men Intro Collegiate
Place,License #,First,Last,City,State,Time,Team
1,0,Steven,Francisco,,,  ,University of Delaware
2,231000,Robert,Thodal,Bethlehem,PA,  ,Lehigh University
3,344644,Matthew,Fischel,Hockessin,DE,  ,University of Delaware
4,344544,Matthew,Good,Harrisburg,PA,  ,Shippensburg University of Pennsylvania
5,340002,Michael,Robichaud,Boston,MA,  ,Boston University
6,341666,Paul,Frandsen,Reston,VA,  ,Rutgers University-New Brunswick/Piscataway
7,340008,Alex,Su,Boston,MA,  ,Boston University
8,301207,Thomas,Surgent,Devon,PA,  ,Lehigh University
9,338832,James,Roy,Lynn,MA,  ,University of Massachusetts-Amherst
10,322232,Thomas,Calcagni,Allentown,PA,  ,Drexel University
11,0,Quentin,Campbell,,,  ,University of Maryland
12,332204,Dylan,Hoffman,Stockholm,NJ,  ,Stevens Institute of Technology
13,344406,Christian,Hoogerheyde,Philadelphia,PA,  ,University of Pennsylvania
14,344540,Nicholas,Woodman,Saco,ME,  ,Rochester Institute of Technology
15,339376,Michael,Karpiel,Fairfield,CT,  ,University of Connecticut
16,338798,Dustin,Lowry,Shippensburg,PA,  ,Shippensburg University of Pennsylvania
17,339580,Kevin,Higgins,York,ME,  ,Rensselaer Polytechnic Institute
18,335960,John,Corbo,Cheshire,CT,  ,University of Connecticut
19,0,John,Hill,,,  ,University of Delaware
20,0,Noah,Shapiro,,,  ,Northeastern University
21,331798,Joseph,Currie,Evans Mills,NY,  ,Rochester Institute of Technology
22,337892,Mervin,Choun,Philadelphia,PA,  ,Drexel University
23,0,Benjamin,Ediger,,,  ,University of Pennsylvania
24,339208,Jacob,Colon,Philadelphia,PA,  ,Temple University
DNF,340230,Dylan,Hutchison,Wayne,NJ,DNF,Stevens Institute of Technology

03/19/2011 Points Race Men Cat D Collegiate
Place,License #,First,Last,City,State,Time,Team
1,329838,Jacob,Warshaw,Burlington,VT,  ,University of Vermont
1,339204,Ross,Creed,Philadelphia,PA,  ,Temple University
2,341774,Ian,Theilacker,West Chester,PA,  ,Northeastern University
2,340106,Aaron,Perelman,Hoboken,NJ,  ,Stevens Institute of Technology
3,290962,Dana,Greenlaw,Morgan Hill,CA,  ,University of Vermont
3,334924,Alexander,Creely,Princeton,NJ,  ,Princeton University
4,309371,Andrew,Walker,Wilmington,DE,  ,University of Delaware
4,309484,Alexander,Reich,Pottstown,PA,  ,Millersville University-Pennsylvania
5,336508,David,Slochower,Philadelphia,PA,  ,University of Pennsylvania
5,305921,Nickolas,Kirkner,Hatfield,PA,  ,Drexel University
6,337354,Matthew,LaMonte,Wilton,CT,  ,Pennsylvania State University
6,343482,Jack,Bott,Annandale On Hudson,NY,  ,Bard College
7,341042,Rob,Furr,Bear,DE,  ,University of Delaware
7,307321,Gil,Erlich,Lewisburg,PA,  ,Bucknell University
8,308758,Alexander,Brown,Philadelphia,PA,  ,University of Pennsylvania
8,0,William,Hluchan,,,  ,American University
9,0,Kenneth,Murphy,,,  ,University of Maryland-College Park
9,0,Todd,Stone,,,  ,Loyola University-Maryland
10,309370,George,Weiler,Wilmington,DE,  ,University of Delaware
10,340108,mark,hamilton,Cranford,NJ,  ,Stevens Institute of Technology
11,0,Russ,Reitter,,,  ,University of Maryland-College Park
11,280461,Luke,Thomas,Interlaken,NY,  ,Rochester Institute of Technology
12,336024,Matthew,Drury,Jim Thorpe,PA,  ,Pennsylvania State University
12,336386,Ian,Murray,Amherst,NY,  ,University of Pennsylvania
13,340734,Ian,Bensco,Havkettstown,NJ,  ,Pennsylvania State University
13,341976,Seth,Campbell,Allentown,PA,  ,DeSales University
14,342474,Eugene,Berezetsky,Hightstown,NJ,  ,Rutgers University-New Brunswick/Piscataway
14,327646,Chad,Baltozer,Chambersburg,PA,  ,Pennsylvania State University
15,305868,Eric,Emery,Ridley Park,PA,  ,Cornell University
15,303254,Kip,Denoyer,Medford,MA,  ,Tufts University
16,305962,Anthony,Altimore,Washington,DC,  ,University of Pennsylvania
16,341922,Nicholas,Ting,Pittsburgh,PA,  ,Carnegie Mellon University
17,311844,Colin,Kipping-Ruane,Chadds Ford,PA,  ,Boston University
17,340690,Ryan,Norris,Rochester,NY,  ,Rochester Institute of Technology
18,334582,Nicholas,Chen,New York,NY,  ,University of Pennsylvania
18,340802,Justin,Stroup,White River Junction,VT,  ,Dartmouth College
19,307542,Andrew,Pezzimenti,Stamford,CT,  ,University of Connecticut
19,340254,Evan,Coates,Philadelphia,PA,  ,Yale University
20,344606,James,Schuler,Newfane,NY,  ,SUNY-Buffalo
20,332414,Adam,Dulberg,New York,NY,  ,Georgetown University
21,312114,Max,Petersen,Romulus,NY,  ,Cornell University
21,335666,Zhongrong,Wang,Lancaster,PA,  ,Franklin and Marshall College
22,320826,Patrick,Savickas,Amherst,MA,  ,University of Massachusetts-Amherst
22,337032,John,Dickmann,Villanova,PA,  ,Villanova University
23,340460,Ivan,Goryachev,Nashua,NH,  ,Northeastern University
23,341118,William,Holm,Lewisburg,PA,  ,Bucknell University
24,341278,Derek,Lee,Philadelphia,PA,  ,University of Pennsylvania
24,308308,David,DeWitt,Newhaven,CT,  ,Yale University
25,344098,Mark,McShane,Philadelphia,PA,  ,Pennsylvania State University
25,344384,Changxi,Zheng,New York,NY,  ,Cornell University
26,337888,Caleb,Browning,Freehold,NJ,  ,University of Connecticut
26,331004,Nicolas,Paris,Pittsburgh,PA,  ,Carnegie Mellon University
27,342202,Alexander,Radkoff,Pittsburgh,PA,  ,Pennsylvania State University
27,287492,Adric,Quackenbush,Westfield,NJ,  ,Franklin and Marshall College
28,308810,Brendan,Diener,New Castle,DE,  ,Drexel University
28,306787,Curtis,Masenheimer,York,PA,  ,Kutztown University of Pennsylvania
29,306116,Chatura,Atapattu,New York,NY,  ,Columbia University-NYC
29,344696,Jordan,Holloway,Carlisle,PA,  ,Millersville University-Pennsylvania
30,289176,George,Ghanim,Green Brook,NJ,  ,Rutgers University-New Brunswick/Piscataway
30,212068,Riley,Spencer,Washington ,DC,  ,American University
31,308286,Adam,Scianna,Norwalk,CT,  ,University of Connecticut
31,334910,Elan,Kugelmass,Princeton,NJ,  ,Princeton University
32,327660,Paul,DeVito,State Colleges,PA,  ,Pennsylvania State University
32,308507,Ryan,Exner,Clarks Summit,PA,  ,Temple University
33,0,Peter,Ott,,,  ,University of Delaware
33,0,Bradley,Wong,,,  ,Carnegie Mellon University
34,340468,Jonathan,Tang,State College,PA,  ,Pennsylvania State University
34,290417,Michael,Driscoll,Lewisburg,PA,  ,Bucknell University
35,342738,Andrew,Piechowicz,Amherst,NY,  ,SUNY-Buffalo
36,339202,Joseph,DiBerardinis,Downingtown,PA,  ,Temple University
37,0,Kevin,Perlow,,,  ,Georgetown University
38,307065,Marshall,Moore,Providence,RI,  ,Brown University
39,284754,Robert,Winnett,Attleboro,MA,  ,Boston University
40,307106,Brian,Tang,Storrs Mansfield,CT,  ,Yale University
41,313652,Elias,Putzig,Rochester,NY,  ,Rochester Institute of Technology
42,277315,Jacob,Gerber,Mountville,PA,  ,Millersville University-Pennsylvania
43,301524,Cody,Slack,University Park,PA,  ,Pennsylvania State University
44,341708,Tyler,Smith,Glenmoore,PA,  ,Millersville University-Pennsylvania
DNF,334018,Micah,Lerner,Los Altos,CA,DNF,Cornell University
DNF,305856,Dominic,Condello,Mclean,VA,DNF,Columbia University-NYC

03/19/2011 Points Race Men Cat C Collegiate
Place,License #,First,Last,City,State,Time,Team
1,340670,Dylan,Lowe,New York,NY,  ,Columbia University-NYC
1,318918,Tom,Robson,Boulder,CO,  ,Dickinson College
2,338510,Kevin,Ordons,Pittsburgh,PA,  ,University of Pittsburgh
2,329626,Joseph,Near,Kensington,CA,  ,Massachusetts Institute of Technology
3,336448,Adam,Capatch,State College,PA,  ,Pennsylvania State University
3,307862,Nicholas,Geiser,Providence,RI,  ,Yale University
4,329844,Aaron,Anderson,Saratoga Springs,NY,  ,Cornell University
4,337424,Sebastien,Gauthier,Somerville,MA,  ,Massachusetts Institute of Technology
5,334592,Doug,Schaefer,Philadelphia,PA,  ,University of Pennsylvania
5,327318,Andrew,Lysaght,Somerville,MA,  ,Massachusetts Institute of Technology
6,153884,David,Kina,East Aurora,NY,  ,SUNY-Buffalo
6,326424,Ralph,Allen,Farmington,CT,  ,Rochester Institute of Technology
7,298816,Michael,Farrar,San Diego,CA,  ,Northeastern University
7,306742,Anthony,Cross,San Marcos,TX,  ,Princeton University
8,337186,Jordan,Steelman,Silver Spring,MD,  ,University of Pittsburgh
8,294975,Matthieu,Talpe,Boston,MA,  ,Massachusetts Institute of Technology
9,295768,Joshua,Saxe,Montpelier,VT,  ,University of Vermont
9,340750,Justin,Gero,Annandale On Hudson,NY,  ,Bard College
10,314112,Charles,Spanjers,State College,PA,  ,Pennsylvania State University
10,309437,Justin,Yeash,Richland,WA,  ,Villanova University
11,336654,Bryan,Carbone,Towaco,NJ,  ,Drexel University
11,305134,Michael,Martin,Brooklyn,CT,  ,Johns Hopkins University
12,312282,Alexander,Szela,Newark,DE,  ,University of Delaware
12,275667,Isaac,Spingarn,Warren,NJ,  ,Stevens Institute of Technology
13,307696,Colby,Samstag,Seattle,WA,  ,University of Pennsylvania
13,290067,Brian,Tino,Lewisburg,PA,  ,Bucknell University
14,291320,adam,cohen,Fortwashington,PA,  ,University of Pittsburgh
14,342098,Robert,Abramson,Pittsburgh,PA,  ,Carnegie Mellon University
15,303337,Byron,Hood,Cambridge,MA,  ,Harvard University
15,284974,travis,wolfe,Baltimore,MD,  ,Carnegie Mellon University
16,308768,Keith,Toombs,Amherst,MA,  ,University of Massachusetts-Amherst
16,339402,Connor,Walsh,Killingworth,CT,  ,Rochester Institute of Technology
17,307043,Zheren,Yang,Hillsborough,NJ,  ,Columbia University-NYC
17,334138,Ian,Forsyth,Lewiston,NY,  ,Yale University
18,255471,Matthew,Lewis,Washington,DC,  ,Columbia University-NYC
18,306820,Steven,Ji,Somerville,MA,  ,Massachusetts Institute of Technology
19,293331,Zachary,Repp,Yardley,PA,  ,Pennsylvania State University
19,232292,Ben,Civiletti,Burlington,VT,  ,University of Vermont
20,339480,Tomas,Ketcham,Philadelphia,PA,  ,Columbia University-NYC
20,304259,Andrew,Haggerty,Boston,MA,  ,Millersville University-Pennsylvania
21,336984,Kurt,Weiberth,Ringoes,NJ,  ,University of Pittsburgh
21,327834,Bill,Quach,Austin,TX,  ,Brown University
22,309170,Jacob,Rubin,Monticello,NY,  ,University of Delaware
22,308212,Daniel,Blizzard,New Haven,CT,  ,Yale University
23,339504,Alex,Carmona,Austin,TX,  ,University of Massachusetts-Amherst
23,308944,David,Hocker,Brooklyn,NY,  ,Princeton University
24,284274,Scott,Igo,Burlington,VT,  ,University of Vermont
24,343054,Cameron,Piper,Morgan Hill,CA,  ,Villanova University
25,326042,Tanner,Haskins,Burlington,VT,  ,University of Vermont
25,337398,Zachary,Ulissi,Millbrae,CA,  ,Massachusetts Institute of Technology
26,336958,Joseph,Halo,West Haven,CT,  ,Pennsylvania State University
26,235310,Bradley,Quinnan,Newtown,PA,  ,Shippensburg University of Pennsylvania
27,259265,Jerome,Sanders,Chickasha,OK,  ,University of Connecticut
27,309046,Christopher,Gilbert,Jamaica Plain,MA,  ,Harvard University
28,274834,Max,Feldman,Philadelphia,PA,  ,University of Pennsylvania
28,311827,Matthew,Conroy,Shippensburg,PA,  ,Shippensburg University of Pennsylvania
29,341636,Sheldon,McKinley,Plaistow,NH,  ,University of New Hampshire
29,333234,Kyle,Shatzer,Pittsburgh,PA,  ,Carnegie Mellon University
30,311090,Max,Dougherty,Boise,ID,  ,University of Vermont
30,0,Joshua,Mayo,,,  ,Georgetown University
31,311533,Jonathan,Cusick,Burlington,VT,  ,University of Vermont
31,343336,Patrick,Grow,Bethlehem,PA,  ,Lehigh University
32,288386,Adam,Siebert,Philadelphia,PA,  ,University of Pennsylvania
32,307483,Scott,Henry,Shavertown,PA,  ,Bucknell University
33,252920,Eric,Panicucci,Milford,PA,  ,Northeastern University
33,275366,Nathaniel,Dixon,Cambridge,MA,  ,Massachusetts Institute of Technology
34,341408,Matt,Barnes,Niskayuna,NY,  ,Pennsylvania State University
34,309078,Andrew,Vogeler,Bethelpark,PA,  ,University of Pittsburgh
35,218857,Michael,Garretson,Hadden Heights,NJ,  ,Pennsylvania State University
35,293583,Karl,Haloj,Burlington,VT,  ,Middlebury College
36,334618,Patrick,Glover,Philadelphia,PA,  ,University of Pennsylvania
36,291122,chris,buehler,Pittsburgh,PA,  ,Carnegie Mellon University
37,308409,Kevin,Krebs,Tampa,FL,  ,University of Pennsylvania
37,308246,David,Levine,Providence,RI,  ,Brown University
38,340484,Joe,Liston,Limerick,PA,  ,University of Pittsburgh
38,277927,Anthony,Castiglia,Rochester,NY,  ,Rochester Institute of Technology
39,309510,Logan,Cawley,New York,NY,  ,Pennsylvania State University
39,0,John,Macchione,,,  ,Georgetown University
40,302489,Carl,Smith,Burlington,VT,  ,University of Vermont
41,310676,Ernie,Lehman,Navarre,OH,  ,Pennsylvania State University
42,308174,Joe,Weiss,Gales Ferry,CT,  ,University of Massachusetts-Amherst
43,305190,Sean,Spencer,Washington ,DC,  ,University of Pennsylvania
44,308515,Jason,Ruth,Philadelphia,PA,  ,University of Pennsylvania
45,308022,Darren,Xu,Philadelphia,PA,  ,University of Pennsylvania
46,258383,Brendan,Murray,Chapel Hill,NC,  ,Appalachian State University
47,292295,andrew,burke,Amherst,NY,  ,SUNY-Buffalo
48,0,Cornelius,Rand,,,  ,University of Vermont
49,306740,Joshua,Kurtz,Lewisburg,PA,  ,Bucknell University
50,306912,Pete,LoBianco,York,PA,  ,Shippensburg University of Pennsylvania
51,339048,Vincent,Arrunategui,Baltimore,MD,  ,Loyola University-Maryland
52,275355,John,Romanishin,Cambridge,MA,  ,Massachusetts Institute of Technology
DNF,290984,Eric,Adams,Poughkeepsie,NY,DNF,University of Delaware
DNF,276747,Ethan,Suttner,Ithaca,NY,DNF,Cornell University
DNF,267160,Eric,Schumacher,Exton,PA,DNF,Lehigh University

03/19/2011 Points Race Men Cat B Collegiate
Place,License #,First,Last,City,State,Time,Team
1,204182,Aaron,Snyder,Lemont,PA,0,Shippensburg University of Pennsylvania
2,341466,Jonathan,Cochrane,Washington,DC,0,Pennsylvania State University
3,339004,Jordan,Diekema,Holland,MI,0,Harvard University
4,301422,Dan,Ipp,Livingston,NJ,0,Rochester Institute of Technology
5,290632,Andrew,Mitstifer,Brooklyn,NY,0,Franklin and Marshall College
6,305805,Alex,Grant,Somerville,MA,0,Tufts University
7,307239,James,Wolf,Lancaster,PA,0,Franklin and Marshall College
8,306570,Erik,Gonsiorowski,Arlington,MA,0,Rensselaer Polytechnic Institute
9,290782,Ian,Schon,Brookline,MA,0,Boston University
10,307552,Eric,Link,College Park,MD,0,University of Maryland-College Park
11,237360,Charles,Hanlon,Phoenixville,PA,0,Kutztown University of Pennsylvania
12,290304,Marten,Beels,Lansdale,PA,0,Lehigh University
13,275827,ERIC,MOON,Willow Street,PA,0,Millersville University-Pennsylvania
14,309324,Dominic,Caiazzo,Bronx,NY,0,Northeastern University
15,290822,Preston,Buehrer,Dorchester,MA,0,Boston University
16,337650,Michael,Frankovich,Cambridge,MA,0,Massachusetts Institute of Technology
17,234714,Taylor,Schwartz,San Francisco,CA,0,Tufts University
18,292036,Hughes,Burridge,Roxbury Crossing,MA,0,Northeastern University
19,308062,Mariano,Garay,Hummelstown,PA,0,Pennsylvania State University
20,306921,YiPeng,Teoh,Providence,RI,0,Brown University
21,307430,Adam,Bry,Cambridge,MA,0,Massachusetts Institute of Technology
22,253884,Ryan,McKenna,San Francisco,CA,0,Franklin and Marshall College
23,290753,Brian,Devaney,Burlington,VT,0,University of Vermont
24,305189,Sam,Hickey,Boston,MA,0,Massachusetts Institute of Technology
25,291759,Nicholas,Walulik,Soquel,CA,0,Stevens Institute of Technology
26,229657,Christopher,Mondiek,Schenectady,NY,0,Rochester Institute of Technology
27,279771,Spencer,Schaber,Saint Louis Park,MN,0,Massachusetts Institute of Technology
28,272981,Max,Caspescha,Westport,CT,0,University of Connecticut
29,285846,Marcos,Picchio,Flemington,NJ,0,Rutgers University-New Brunswick/Piscataway
30,278688,Conor,Walsh,Carlisle,MA,0,Boston University
31,266520,Adam,Zeldin,Tucson,AZ,0,Johns Hopkins University
32,307848,Ryan,Hilaman,Colora,MD,0,University of Maryland-College Park
33,305280,Nick,Bessman,Philadelphia,PA,0,University of Pennsylvania
34,275309,Elliott,Brennan,New Haven,CT,0,Yale University
35,228086,Harry,Chen,East Brunswick,NJ,0,Bucknell University
36,221656,Ivan,Temnykh,Pa Furnace,PA,0,Pennsylvania State University
37,275706,Matthew,Titus,Troy,NY,0,Rensselaer Polytechnic Institute
38,310816,Eliot,Scymanski,Hamden,CT,0,Franklin and Marshall College
39,340226,Coby,Hutzler,Portland,OR,0,American University
40,290998,Michael,Gaskin,Sherborn,MA,0,Middlebury College
41,306355,Anthony,Paravati,Hanover,NH,0,Dartmouth College
42,308994,Goran,Lynch,Philadelphia,PA,0,University of Pennsylvania
43,206643,David,Singerman,Cambridge,MA,0,Massachusetts Institute of Technology
44,288379,Garrick,Dixon,Manlius,NY,0,Northeastern University
DNF,291228,Brett,Houser,Philadelphia,PA,DNF,Drexel University
DNF,306437,Devin,Wagner,Marlborough,CT,DNF,Rensselaer Polytechnic Institute
DNF,273298,Zachary,Zerby,Pottstown,PA,DNF,University of Pittsburgh
DNF,243617,Jesus,Martinez,New York,NY,DNF,Columbia University-NYC
DNF,240298,Leonard,Klipper,Philadelphia,PA,DNF,University of Pennsylvania
DNF,261096,Amos,Meyers,Augusta,GA,DNF,University of Pittsburgh

03/19/2011 Points Race Men Cat A Collegiate
Place,License #,First,Last,City,State,Time,Team
1,224306,Charlie,Avis,Palo Alto,CA,  ,Princeton University
2,273234,Wyatt,Stoup,Cochranville,PA,  ,Pennsylvania State University
3,191021,Nicholas,Reinert,Mertztown,PA,  ,University of Pittsburgh
4,290610,Max,Korus,Menlo Park,CA,  ,University of Pennsylvania
5,289882,Charles,Salzer,New York,NY,  ,Franklin and Marshall College
6,255885,Austin,Roach,Bloomfield,IN,  ,Princeton University
7,290653,Samson,McHugh,Edgewood,PA,  ,University of Pittsburgh
8,283375,Matthew,Furlow,Philadelphia,PA,  ,University of Pennsylvania
9,307642,Evan,Murphy,Portland,OR,  ,Rhode Island School of Design
10,279988,Tim,Weiler,Wilmington,DE,  ,University of Maryland-College Park
11,223464,Jeffrey,Salvitti,San Francisco,CA,  ,Bucknell University
12,291864,Daniel,Rossi,Wyndmoor,PA,  ,Franklin and Marshall College
13,290847,Garrett,Olsen,Santa Monica,CA,  ,Villanova University
14,305212,Eric,Poeltl,Naples,FL,  ,University of Pennsylvania
15,309485,Rodney,Kauffman,Parkesburg,PA,  ,Millersville University-Pennsylvania
16,298718,Gregory,Alexander,Woodbury,MN,  ,Brown University
17,251832,Robert,Burnett,Golden,CO,  ,Franklin and Marshall College
18,288856,Robert,Abramo,Ambler,PA,  ,Villanova University
19,275731,S Charles,Zamastil,Wichita Falls,TX,  ,Temple University
20,239823,Kevin,McGuire,Miami,FL,  ,Pennsylvania State University
21,289974,Matthew,Means,Nashua,NH,  ,Johns Hopkins University
22,273533,Arnaud,Borner,Mountain View,CA,  ,Pennsylvania State University
23,242892,Matthew,Buckley,Burlington,VT,  ,University of Vermont
24,277870,David,Ziehr,Boston,MA,  ,Harvard University
25,201783,Ryan,Smolko,Mifflinburg,PA,  ,Kutztown University of Pennsylvania
26,272367,Ross,Marklein,Laurel,MD,  ,University of Pennsylvania
27,232942,Christopher,Hamlin,Jonesville,VT,  ,University of Vermont
28,244283,Edward,Grystar,Oakmont,PA,  ,Brown University
29,296573,John,Herrick,Contoocook,NH,  ,University of Vermont
30,251348,Timothy,Manzella,Malvern,PA,  ,Drexel University
31,244348,Benjamin,Grass,Missoula,MT,  ,Dartmouth College
32,284354,Derek,Harnden,Burlington,VT,  ,University of Vermont
33,308875,John,Farrell,Allston,MA,  ,University of Pennsylvania
34,230558,Rodney,Santiago,Allentown,PA,  ,Pennsylvania State University
35,211869,Eric,Fischer,Williamsburg,VA,  ,Yale University
DQ,229481,Robin,Carpenter,San Diego,CA,DQ,University of Pennsylvania
DNF,276879,Alex,Abarbanel-Grossman,Bloomfield,NJ,DNF,Middlebury College
DNF,294299,Nathan,Davis,Petersham,MA,DNF,University of Vermont
DNF,288844,Craig,Keasler,Santa Barbara,CA,DNF,Boston University
DNF,258621,Peter,Hagerty,Minnetonka,MN,DNF,Rochester Institute of Technology
DNF,276042,Patrick,Dunn,Lynnwood,WA,DNF,Rensselaer Polytechnic Institute
DNF,289096,James,Thornton,Fort Leonard Wood,MO,DNF,US Military Academy
DNF,248002,Evan,Cooper,Brookyln,NY,DNF,Tufts University
DNF,235849,Zachary,LaBry,Los Angeles,CA,DNF,Massachusetts Institute of Technology
DNF,278441,Olivier,Rolin,State College,PA,DNF,Pennsylvania State University
DNF,288393,Matthew,Griswold,Boston,MA,DNF,Boston University
DNF,307608,Matthew,Black,Denville,NJ,DNF,University of Maryland-College Park

03/19/2011 Points Race Women Intro Collegiate
Place,License #,First,Last,City,State,Time,Team
1,341730,Emily,Binder,Schnecksville,PA,  ,Millersville University-Pennsylvania
2,0,Claire,Swarts,,,  ,Sturdy Girl
3,332542,Amanda,Buerger,Somerville,MA,  ,Northeastern University
4,343152,Annie,Parodi,Warwick,NY,  ,SUNY-Buffalo
5,340972,Kathleen,Ho,Troy,NY,  ,Rensselaer Polytechnic Institute
6,341032,Rebecca,Gripp,Newark,DE,  ,University of Delaware
7,337178,Katie,Beringer,Arlington,VA,  ,Villanova University
8,338442,Katherine,DeCrosta,Mc Lean,VA,  ,Franklin and Marshall College
9,340258,Rika,Hirata,Cambridge,MA,  ,Harvard University
10,337404,Chelsea,Lane,New Haven,CT,  ,Yale University
11,341348,Alyssa,Warfield,Millersville,PA,  ,Millersville University-Pennsylvania
12,341030,Jennifer,Wilkinson,Newark,DE,  ,University of Delaware
13,343652,Jacqueline,Pasekallen,Brookline,MA,  ,University of Massachusetts-Amherst
14,284090,Laura,Allison,Allentown,PA,  ,Kutztown University of Pennsylvania
15,308169,Sara,Wollmacher,New Haven,CT,  ,Yale University
16,0,Katie,Hunt,,,  ,
17,343220,Stephanie,Tetlow,Lewisburg,PA,  ,Bucknell University
18,335820,Kate,Sekula,Vernon Rockville,CT,  ,University of Connecticut
19,331936,Paulina,Klimkiewicz,Rochester,NY,  ,Rochester Institute of Technology

03/19/2011 Points Race Women Cat C Collegiate
Place,License #,First,Last,City,State,Time,Team
1,228726,Ellen,Anderson,Hanover,NH,  ,Dartmouth College
2,340898,Jamie,Brabston,Hoboken,NJ,  ,Stevens Institute of Technology
3,336564,Lindsey,Knast,Lafayette,CO,  ,Temple University
4,309209,Carren,Stika,Lancaster,PA,  ,Pennsylvania State University
5,309147,Christina,Chnaider,Allston,MA,  ,Boston University
6,309620,Kate,McMahon,Allentown,PA,  ,Pennsylvania State University
7,313102,Megan,Morse,Williamsburg,VA,  ,Pennsylvania State University
8,303348,Raeanne,Napoleon,Santa Barbara,CA,  ,Boston University
9,343326,Sarah,Milov,Orlando,FL,  ,Princeton University
10,339666,Carrie,Rose,Pensacola,FL,  ,Villanova University
11,343906,Emily,Sullivan,Princeton,NJ,  ,Princeton University
12,338062,Anastasia,Yanchilina,New York,NY,  ,Columbia University-NYC
13,307686,Ashley,Hurst,New Haven,CT,  ,Yale University
14,339206,Adriane,Hairston,Seattle,WA,  ,Temple University
15,337656,Julie,Andren,Cambridge,MA,  ,Massachusetts Institute of Technology
16,340502,Maria,Berezina,Cambridge,MA,  ,Massachusetts Institute of Technology
17,308052,Gina,DiNunzio,Andover,NJ,  ,Rutgers University-New Brunswick/Piscataway
18,339406,Monica,Minson,Stanford,CA,  ,Cornell University
19,337866,Robin,Welling,Minneapolis,MN,  ,University of Vermont
20,340648,Gabrielle,Rossi,Union,NJ,  ,Rutgers University-New Brunswick/Piscataway
21,337448,Erica,Spiritos,New York City,NY,  ,Carnegie Mellon University
22,336140,Jessica,Garber,Lancaster,PA,  ,Franklin and Marshall College
23,336224,Katherine,Oxman,Warrington,PA,  ,Franklin and Marshall College
24,310373,Kathryn,Schuck,Bethlehem,PA,  ,Lehigh University
25,343492,Elizabeth,Cutolo,Ridgefield,CT,  ,Rochester Institute of Technology
26,342306,Allison,LaChance,Jamesville,NY,  ,Rochester Institute of Technology
27,293185,Nicole,Ogrosso,Hoboken,NJ,  ,Stevens Institute of Technology
28,326604,Cynthia,McCormack,Burlington,VT,  ,University of Vermont
29,307706,Lisa,Thompson,Ewing,NJ,  ,Northeastern University
DNF,291096,Taylor,Rojek,Scott Twp. ,PA,DNF,DeSales University
DNF,308060,Rebecca,Thorsness,Laramie,WY,DNF,Princeton University
DNF,308987,Carolyn,Zelenetz,Bethlehem,PA,DNF,Lehigh University
DNF,307549,Jennifer,Zeckendorf,Newyork,NY,DNF,Yale University
DNF,337872,Emily,Paxson,Trout Lake,WA,DNF,University of Vermont

03/19/2011 Points Race Women Cat B Collegiate
Place,License #,First,Last,City,State,Time,Team
1,341222,Rachel,Yodis,Phoenixville,PA,  ,Millersville University-Pennsylvania
2,306933,Kelly,Desharnais,Pepperell,MA,  ,Bucknell University
3,306550,Ashley,Hopwood,Roxbury Crossing,MA,  ,Northeastern University
4,294746,Christina,Birch,Los Angeles,CA,  ,Massachusetts Institute of Technology
5,290461,Sinead,ODwyer,Jackson,WY,  ,Bucknell University
6,329418,Melissa,Tabas,Philadelphia,PA,  ,American University
7,276145,Erica,Blom,New Haven,DC,  ,Yale University
8,277407,Shane,Ferro,Bronx,NY,  ,Columbia University-NYC
9,273541,Rebekah,Morris,Bedminster,NJ,  ,Bucknell University
10,307659,Sophy,Lee,San Francisco,CA,  ,Harvard University
11,243968,Courtney,Gregor,Chalfont,PA,  ,Franklin and Marshall College
12,307073,Allison,Hugi,New Haven,CT,  ,Yale University
13,309498,Carolyn,Carlstrom,Troy,NY,  ,Rensselaer Polytechnic Institute
14,247989,Stephanie,Stambaugh,Pittsburgh,PA,  ,University of Pittsburgh
15,257694,Catherine,Probst,University Park,PA,  ,Pennsylvania State University
16,0,Jessica,Kuo,,,  ,Georgetown University
DNF,306824,Shaena,Berlin,Millbrae,CA,DNF,Massachusetts Institute of Technology

03/19/2011 Points Race Women Cat A Collegiate
Place,License #,First,Last,City,State,Time,Team
1,289751,Laura,Ralston,Cambridge,MA,  ,Massachusetts Institute of Technology
2,311800,Katie,Quinn,San Mateo,CA,  ,Massachusetts Institute of Technology
3,156050,Lauren,Shirock,Emmaus,PA,  ,Pennsylvania State University
4,269269,Jessica,Kutz,State College ,PA,  ,Pennsylvania State University
5,291229,Aimee,Layton,New York,NY,  ,Columbia University-NYC
6,291369,Kimberly Ann,Zubris,Alburtis,PA,  ,Boston University
7,239760,Rebecca,Chan,Baltimore,MD,  ,University of Pennsylvania
8,261891,Maggie,Sullivan,Boulder,CO,  ,Northeastern University
9,200340,Mandy,Marquardt,Allentown,PA,  ,Pennsylvania State University
10,224221,Virginia,Solomon,Memphis,TN,  ,University of Southern California
11,238042,Leah,Oppenheimer,Newfoundland,NJ,  ,University of Connecticut
12,251573,Antonina,Esposto,Blandon,PA,  ,Kutztown University of Pennsylvania
13,229078,Morgan,Farnsworth,Schnecksville,PA,  ,Pennsylvania State University

03/19/2011 Road Race Men Cat 3/4
Place,License #,First,Last,City,State,Time,Team
1,282287,Mark,Flis,Park City,UT,,Human Zoom
2,195794,William (Booey),Hottenstein,Kingston,PA,,FCS Cycling Team
3,277019,Jonathan,Marshall,Chambersburg,PA,,Mountainside Racing
4,250197,David,Dawson,Springfield,PA,,The Performance Lab p/b Caffeinated Cyclist
5,278103,Gerald,Adasavage,Brooklyn,NY,,Embrocation Cycling Journal
6,157400,Christopher,Newport,Philadelphia,PA,,Philadelphia Ciclismo
7,232723,Drew,Karlberg,Philadelphia,PA,,World Cup Ski & Cycle
8,240153,Glenn,Ferreira,Manville,NJ,,Massachusetts Institute of Technology
9,286845,Calvin,Hoops,Philadelphia,PA,,Shirk's Racing Presented by Trek
10,244058,Marc,Wolman,Madison,WI,,Breakawaybikes.com-IFRACTAL
11,238088,Matthew,Dishart,Mount Joy,PA,,Thru-It-All Body Shop Inc.
12,200707,Daniel,Langlois,Philadelphia,PA,,Bicycle Therapy
13,286599,James,Guardino,Conshohocken,PA,,Breakawaybikes.com-IFRACTAL
14,259535,Charles,Thompson,Ewing,NJ,,Rockstar Racing / Signature Cycles
15,149458,Bryan,Hitch,Philadelphia,PA,,elite cycling
16,274173,David,Casale,Pennsauken,NJ,,Tri-State Velo
17,297942,Gordon,Stone,Kennett Square,PA,,Zen Masters Racing
18,114686,Nathan,Goates,Shippensburg,PA,,Mountainside Racing
19,276281,Geoffrey,Rezvani,Elkins Park,PA,,Philadelphia Ciclismo
20,212255,David,Lowe,Bala Cynwyd,PA,,Human Zoom/Pabst Blue Ribbon
21,291632,Alan,Fody,Philadelphia,PA,,Amoroso Racing Team
22,243366,Joe,Magro,Acton,MA,,Lancaster Regional Cycling
23,197450,Willem,Heydendael,Philadelphia,PA,,Bicycle Therapy
24,282258,Aaron,Schelegle,Philadelphia,PA,,Breakawaybikes.com-IFRACTAL
25,158400,Pierre,Minerva,Bala Cynwyd,PA,,Velo Aces
26,329626,Joseph,Near,Kensington,CA,,MIT Cycling/FXDD
27,108416,Alexander,Roberts,Lancaster,PA,,Mountainside Racing
28,285872,Anthony,So,Philadelphia,PA,,Bicycle Therapy
29,216480,Andrew,Mead,Philadelphia,PA,,Team Type 1
30,257041,Douglas,Kauffman,Lancaster,PA,,Shirk's Racing Presented by Trek
31,225197,Todd,Lippin,Philadelphia,PA,,breakawaybikes.com/iFractal
32,191412,Jonathan,Beyer,Lambertville,NJ,,Pure Energy Racing
33,296751,Michael,Green,Wyndmoor ,PA,,Bicycle Therapy
34,203214,Jonathan,Glick,Lancaster,PA,,Shirk's Racing presented by Trek Bikes
35,244954,Manuel,Caliz,Ephrata,PA,,Shirks Racing Presented by Trek
36,85486,Paul,Tyrrell,Lewes,DE,,Ocean Velo / Culver & Pierson
37,259335,John,Beers,Philadelphia ,PA,,Philadelphia Ciclismo
38,278237,Keith,Hatton,Philadelphia,PA,,Elite Bicycles Inc.
39,180680,John,King,Atco,NJ,,Pro Pedals
40,274934,Drew,Tyger,Bozeman,MT,,Penn State Cycling Club
41,289097,Richard,Wawrzeniak,Salisbury,MD,,Ocean Velo / Culver & Pierson
42,292295,andrew,burke,Amherst,NY,,SUNY at BUFFALO
43,46760,Dean,Pierson,Salisbury,MD,,Ocean Velo
44,291228,Brett,Houser,Philadelphia,PA,,Drexel University
45,313482,Leroy,Hayes,Philadelphia,PA,,Breakawaybikes.com-IFRACTAL
46,40023,Robert,Biese,Kutztown,PA,,Team Vortex
47,311675,Connor,Campbell,Philadelphia,PA,,QCWCycling/breakawaybikes.com
48,313484,Samuel,Cowans,Philadelphia,PA,,Breakawaybikes.com-IFRACTAL
49,255010,Daniel,Wood,Harrisburg,PA,,Spokes Bike Shop
50,293341,Andrew,Haughton,Philadelphia,PA,,Penn State
51,238020,Michael,Coyle,Philadelphia,PA,,Breakawaybikes.com-IFRACTAL
52,290990,Victoria,Hanks,Pennsauken,NJ,,Human Zoom/Pabst Blue Ribbon
DNF,238088,Matthew,Dishart,Mount Joy,PA, Inc.    ,Thru-It-All Body Shop
