2009 Philly Phlyer in Philadelphia PA Results

03/30/2009 Criterium Men Intro
Place,License #,First,Last,City,State,Time,Team
1,284788,Chris,Rago,Enfield,CT,,University of Connecticut
2,0,Stephen,Wanser,,,,Rutgers University
3,285846,Marcos,Picchio,Flemington,NJ,,Rutgers University
4,0,Satoshi,Harris-Koizumi,,,,Dartmouth College
5,284754,Robert,Winnett,Attleboro,MA,,Boston University
6,0,Craig,Michaud,,,,Wentworth Institute of Technology
7,290682,Ryan,McCaskill,Englewood,NJ,,Wentworth Institute of Technology
8,275730,Jozef,Jozefowski,Philadelphia,PA,,Temple University
9,284551,Christopher,Colangelo,Ardsley,NY,,University of Connecticut
10,287492,Adric,Quackenbush,Westfield,NJ,,Franklin and Marshall College
11,285205,Chieh Chih,Chiang,Providence,RI,,Brown University
12,289073,Patrick,Streeter,Rochester,NY,,Rochester Institute of Technology
13,289903,John,Jackson,Pittsburgh,PA,,University of Pittsburgh
14,291236,Tahir,Qadeer,Villanova,PA,,Villanova University
15,289176,George,Ghanim,Green Brook,NJ,,Rutgers University

03/30/2009 Criterium Men D Div 1
Place,License #,First,Last,City,State,Time,Team
1,293341,Andrew,Haughton,Philadelphia,PA,,Penn State University
2,290603,Tristan,Baldwin,Amherst,NH,,University of Vermont
3,232964,Nathan,Oriol,Holden,MA,,University of New Hampshire
4,290974,Philip,Gasparovic,Newark,DE,,University of Delaware
5,288373,Jingyuan,Ma,Homewood,AL,,University of Pennsylvania
6,292899,Matthew,Casserly,Holliston,MA,,Boston University
7,277361,Eric,Rundstrom,West Berlin,NJ,,Rutgers University
8,192539,Will,Cox,Burlington,VT,,University of Vermont
9,291534,Troy,Stram,Spring Grove,PA,,Penn State University
10,291076,Clint,Dager,Newark,DE,,University of Delaware
11,290379,Jorge,Barragan,Miami,FL,,Columbia University
12,258857,James,Rose,Freeport,ME,,University of New Hampshire
13,290086,Eric,Mayer,Feasterville,PA,,Temple University
14,290093,Javier,Garcia,Philadelphia,PA,,Temple University
15,288379,Garrick,Dixon,Manlius,NY,,Northeastern University
16,293288,Tom,Draskovic,Upper Arlington,OH,,Penn State University
17,252423,Neal,Martorelli,Lawrenceville,NJ,,University of Vermont
18,290822,Preston,Buehrer,Dorchester,MA,,Boston University
19,0,Steve,Aliberti,,,,Penn State University
20,259265,Jerome,Sanders,Chickasha,OK,,University of Connecticut
21,292657,Noah,Morganstern,Philadelphia,PA,,University of Pennsylvania
22,289931,Will,Quinn,Philadelphia,PA,,University of Pennsylvania
23,288866,Alexander,Turnwall,Brookline,MA,,Northeastern University
24,293161,Andrew,Goodale,Maynard,MA,,University of New Hampshire
25,291461,Nathaniel,Coghlan,Phoenix,AZ,,University of New Hampshire
26,292036,Hughes,Burridge,Roxbury Crossing,MA,,Northeastern University
27,255471,Matthew,Lewis,Washington,DC,,Columbia University
28,0,Nathan,Jacobs,,,,University of Pennsylvania
29,286434,Steven,Derkits,Owensboro,KY,,Penn State University
30,291797,Sean,Montgomery,Jenkintown,PA,,Penn State University
31,291320,adam,cohen,Fortwashington,PA,,University of Pittsburgh
32,273298,Zachary,Zerby,Pottstown,PA,,University of Pittsburgh
33,275283,Arthur,Wicks,Newark,DE,,University of Delaware
34,291463,James,Bolognani,Plymouth,NH,,University of New Hampshire
35,277184,James,Rocchio,Allston,MA,,Boston University
36,284322,Andrew,Moore,Statecollege,PA,,Penn State University
37,291492,David,Garguilo,Jackson,NJ,,Boston University
38,290782,Ian,Schon,Brookline,MA,,Boston University
39,257844,Sean,Whitehurst,St. Louis,MO,,Cornell University
40,278096,Brian,Wilson,Wilmington,MA,,Penn State University
41,289507,Gregory,Smaldone,Davis,CA,,Cornell University
42,276747,Ethan,Suttner,Ithaca,NY,,Cornell University
43,291890,Brad,Gulick,Philadelphia,PA,,University of Pennsylvania
44,293331,Zachary,Repp,Yardley,PA,,Penn State University
45,0,Lee,Burwasser,,,,University of Pennsylvania
46,276188,Timothy,Duclos,Burlington,VT,,University of Vermont
47,289351,Darren,He,Cambridge,MA,,Harvard University
48,293087,Nicholas,Fiolo,Johnson City,TN,,Penn State University
49,290531,Kehvon,Thomas,Allston,MA,,Boston University
50,286034,Nicholas,Apostolopoulos,Morris Plains,NJ,,Rutgers University
51,290039,Steven,Karaszkiewicz,West Chester,PA,,University of Pittsburgh
52,289089,Rishi,Madhok,New York,NY,,Columbia University
53,278184,David,Almeida,Ludlow,MA,,Northeastern University
54,290384,Andrew,Esherick,State College,PA,,Penn State University
55,0,Felix,Herrera,,,,Penn State University
56,275419,Sky,O'Mara,Boston,MA,,Northeastern University
57,259946,David,Hilbert,Philadelphia,PA,,University of Pennsylvania
58,289317,Ryan,Anderson,Philadelphia,PA,,University of Pennsylvania
DNF,289250,Sandon,Coggin,Ithaca,NY,,Columbia University
DNF,289866,Hank,Greenberg,New York,NY,,Harvard University
DNF,275817,Daniel,Boyle,Burlington,VT,,University of Vermont

03/30/2009 Criterium Men D Div 2
Place,License #,First,Last,City,State,Time,Team
1,291632,Alan,Fody,Philadelphia,PA,,Drexel University
2,288542,Stephen,Thomasch,Washington,DC,,Franklin and Marshall College
3,258100,Gregory,Wesolowich,Warrington,PA,,Millersville University
4,290847,Garrett,Olsen,Santa Monica,CA,,Villanova University
5,292587,Alex,Osigian,Kingspoint,NY,,US Merchant Marine Academy
6,275218,Michael,McHugh,Doylestown,PA,,Kutztown University
7,289096,James,Thornton,Fort Leonard Wood,MO,,US Military Academy
8,275568,Joe,Pawelczyk,Philadelphia,PA,,Villanova University
9,289626,nick,garcia,Copperas Cove,TX,,US Military Academy
10,289102,Brenden,Siekman,Raeford,NC,,US Military Academy
11,289139,Ryan,Morcrette,Macungie,PA,,Drexel University
12,284440,Kevin,Cullen,Kings Point,NY,,US Merchant Marine Academy
13,248931,David,Gordon,Ringoes,NJ,,Stevens Institute of Technology
14,286373,Brent,Heverly,Perkasie,PA,,Drexel University
15,289100,Brian,Tsien,Boulder,CO,,US Military Academy
16,253757,Cimarron,Wortham,Seattle,WA,,Massachusetts Institute of Technology
17,259590,Andrew,Hilmer,Cambridge,MA,,Massachusetts Institute of Technology
18,292255,Marc,DeLese,Statenisland,NY,,Stevens Institute of Technology
19,288620,Joshua,Parker,Providence,RI,,Brown University
20,274645,Raymond,Junkins,,,,Stevens Institute of Technology
21,293364,Ian,Burgess,Glen Gardner,NJ,,Stevens Institute of Technology
22,276967,Gregory,Keith,Birmingham,AL,,US Military Academy
23,284438,Evan,Kilpatrick,Arlington,VA,,US Merchant Marine Academy
24,289371,Zachary,Ybarra,Boston,MA,,Massachusetts Institute of Technology
25,277281,Jacob,Yundt,Pittsburgh,PA,,Rochester Institute of Technology
26,277266,Adam,Haynos,Millersville,PA,,Millersville University
27,290067,Brian,Tino,Lewisburg,PA,,Bucknell University
28,254845,Arjun,Sudhir,Oakland,CA,,Boston College
29,291122,chris,buehler,Pittsburgh,PA,,Carnegie Mellon University
30,289673,David,Quinn,Cambridge,MA,,Massachusetts Institute of Technology
31,275768,Kyung Soo,Lee,Jersey City,NJ,,Stevens Institute of Technology
32,291122,chris,buehler,Pittsburgh,PA,,Carnegie Mellon University
33,293446,John,vanHoff,Rochester,NY,,University of Rochester
34,292466,Benjamin,Elowe,Rochester,NY,,University of Rochester
35,275764,Daehyun,An,Hanover,NH,,Dartmouth College
36,289099,Armando,Peralta,West Point,NY,,US Military Academy
37,209329,Charles,Arroyo,Darien,CT,,Boston College
38,257726,Zachary,Ellwood,Orwigsburg,PA,,DeSales University
39,288479,Daniel,Summers,Arlington,VA,,Rochester Institute of Technology
40,291688,Cornelius,Rand,Burlington,VT,,Wentworth Institute of Technology
41,267138,Zachary,Browning,Havre De Grace,MD,,Rochester Institute of Technology
42,290905,James,Wu,Longmeadow,MA,,University of Rochester
43,275667,Isaac,Spingarn,Warren,NJ,,Stevens Institute of Technology
44,0,Justin,Riedel,,,,US Merchant Marine Academy
45,277315,Jacob,Gerber,Mountville,PA,,Millersville University
46,285326,Edan,Golomb,Tenafly,NJ,,Stevens Institute of Technology
47,279771,Spencer,Schaber,Saint Louis Park,MN,,Massachusetts Institute of Technology
48,289870,Orlando,Martinez,Hoboken,NJ,,Stevens Institute of Technology
49,290366,Christopher,Cohen,Providence,RI,,Brown University
50,277927,Anthony,Castiglia,Rochester,NY,,Rochester Institute of Technology
51,287588,Matthew,Blackburn,Cambridge,MA,,Massachusetts Institute of Technology
52,292935,Michael,Hoffman,Rochester,NY,,University of Rochester
53,290000,Gavin,Daly,Princeton,NJ,,Princeton University
DNF,257044,Will,Pisarello,Germantown,MD,,Rochester Institute of Technology
DNF,228135,Jason,Herrling,Auburn,NY,,Rochester Institute of Technology
DNF,290055,Timothy,Raggets,Rochester,NY,,Rochester Institute of Technology
DNF,291850,Mikael,Garabedian,Plymouth Meeting,PA,,Drexel University

03/30/2009 Criterium Men C
Place,License #,First,Last,City,State,Time,Team
1,253922,Ray,Dodd,Berlin,NJ,,Rutgers University
2,288444,Justin,Bosley,Philadelphia,PA,,University of Pennsylvania
3,279558,Blake,Hawthorne,West Point,NY,,US Military Academy
4,273257,Matthew,Bathe,New Brunswick,NJ,,Rutgers University
5,289875,Chad,Husko,New York,NY,,Columbia University
6,274834,Max,Feldman,Philadelphia,PA,,University of Pennsylvania
7,290610,Max,Korus,Menlo Park,CA,,University of Pennsylvania
8,272928,David,Kahn,New Haven,CT,,Yale University
9,248423,Nevin,Rallis,Windham,ME,,University of Vermont
10,291083,Gregg,Izzo,Randolph,MA,,Northeastern University
11,225852,Keith,Groshans,State College,PA,,Penn State University
12,243230,Daniel,Homeier,Montpelier,VT,,Colby College
13,291453,Ronan,Cahill,Seattle,WA,,University of Rochester
14,274799,John,Roper,Irvine,CA,,Northeastern University
15,274866,Adam,Francis,New Haven,CT,,Yale University
16,274901,Steve,Lachance,Arlington,MA,,Northeastern University
17,293232,Luke,Salvato,Brunswick,ME,,Bowdoin College
18,257594,Karl,Honerlaw,Wyoming,OH,,Boston College
19,276395,Jesse,Steiner,Hamburg,NY,,Rochester Institute of Technology
20,274173,David,Casale,Pennsauken,NJ,,Drexel University
21,274717,Daniel,Hale,Glastonbury,CT,,University of Vermont
22,274200,Joseph,Glaser-Reich,Providence,RI,,Brown University
23,185983,Joseph,Perez,West Point,NY,,US Military Academy
24,213805,Chris,Scannell,Burlington,VT,,University of Vermont
25,274833,Andrew,Meyer,Hopkinton,NH,,Boston College
26,258927,Kyle,MacFarlane,Pittsburgh,PA,,University of Pittsburgh
27,257506,Patrick,Barter,Wilder,VT,,Dartmouth College
28,272622,Douglass,Endrizzi,Scarborough,ME,,Yale University
29,283375,Matthew,Furlow,Philadelphia,PA,,University of Pennsylvania
30,237145,Erik,Newman,Hanover,NH,,Dartmouth College
31,236408,Matt,Cocola,Lewisburg,PA,,Bucknell University
32,290915,Richard,Harrold,New Haven,CT,,Yale University
33,218476,Kenneth,Cheung,Boston,MA,,Massachusetts Institute of Technology
34,276421,Jeff,Dolan,Boulder,CO,,University of Rochester
35,273515,Thomas,Moroney,Sussex,NJ,,Rutgers University
36,193178,Jacob,Sisson,Somerset,NJ,,Cornell University
37,276226,Josh,Many,Villanova,PA,,Villanova University
38,259535,Charles,Thompson,Ewing,NJ,,Rutgers University
39,257669,Kyle,Bruley,Philadelphia,PA,,Boston University
40,290655,Brent,Doscher,Weare,NH,,University of New Hampshire
41,258621,Peter,Hagerty,Minnetonka,MN,,Rochester Institute of Technology
42,252702,Sean,Berry,Hampton,NH,,University of New Hampshire
43,274678,andrew,mina,Brighton,MA,,Penn State University
44,240973,Jeffrey,Lukach,Newmarket,NH,,University of New Hampshire
45,256532,Patrick,Ryan,West Point,NY,,US Military Academy
46,246260,Benjamin,Stephens,Somerville,MA,,Carnegie Mellon University
47,274594,Michael,Desmarais,Essex Jct,VT,,University of Vermont
48,289875,Chad,Husko,New York,NY,,Columbia University
49,261937,Patrick,Cafferky,Richmond,VT,,University of Vermont
50,265028,Anthony,Esposito,Roselle,NJ,,Rutgers University
51,244398,Isaac,Bleicher,Newton,MA,,Massachusetts Institute of Technology
52,250893,Wookie,Kim,New Haven,CT,,Yale University
53,256341,Jeremy,May,West Point,NY,,US Military Academy
54,196587,Noah,Schwartz,Cherry Hill,NJ,,Rutgers University
55,290463,David,Wagner,New Haven,CT,,Yale University
DNF,273753,Mike,Longeri,Newmarket,NH,,University of New Hampshire
DNF,286965,Ian,Rousseau,Boston,MA,,Massachusetts Institute of Technology
DNF,274848,J Taylor,Marble,Jamaica Plain,MA,,Wentworth Institute of Technology
DNF,271020,Peter,Jarnebrant,New York,NY,,Columbia University
DNF,290674,Rocco,Repetski,Princeton,NJ,,Princeton University
DNF,279918,Justin,Cupples,Mount Royal,NJ,,Temple University
DNF,222012,Nick,Loomis,Cambridge,MA,,Massachusetts Institute of Technology
DNF,0,Stephen,Durham,,,,Dartmouth College

03/30/2009 Criterium Men B
Place,License #,First,Last,City,State,Time,Team
1,0,Zachary,McIntyre,,,,NAVY
2,217384,Michael,Hamilton,Los Angeles,CA,,Massachusetts Institute of Technology
3,284354,Derek,Harnden,Burlington,VT,,University of Vermont
4,263499,Matthew,Gross,Boulder,CO,,Penn State University
5,199341,Ian,Sullivan,Jericho,VT,,University of Vermont
6,240298,Leonard,Klipper,Philadelphia,PA,,University of Pennsylvania
7,209391,Jesse,Chebot,Somerville,MA,,University of Vermont
8,260414,James,Miceli,Arlington,VA,,Villanova University
9,207821,Andrew,Webster,Millersville,PA,,Millersville University
10,257940,Aaron,Cravez,Lewisburg,PA,,Bucknell University
11,236374,Jeffrey,Boehmer,Lewisburg,PA,,Bucknell University
12,216394,Weston,Wheeler,Lake Placid,NY,,University of Vermont
13,275378,William,Kistler,Cresco,PA,,University of Delaware
14,288380,Sean,Whiteman,Philadelphia,PA,,University of Pennsylvania
15,271206,Mike,McCafferty,Pittsburgh,PA,,Penn State University
16,208123,Joseph,Bylund,New York,NY,,Columbia University
18,227638,Jonathan,Poterjoy,State College,PA,,Millersville University
19,230491,Matthew,Holub,Windham,NH,,University of New Hampshire
20,223840,Don,Yungher,Highland Park,NJ,,Rutgers University
21,269625,Corey,Williams,New York,NY,,Columbia University
22,235971,Chris,Rodgers,Lawrenceville,NJ,,Penn State University
23,241583,Matthew,Schoman,Philadelphia,PA,,Drexel University
24,256895,Guo-Liang,Chew,Cambridge,MA,,Massachusetts Institute of Technology
25,258866,Daniel,Bensen,Greenfield,MA,,University of Vermont
26,255010,Daniel,Wood,Harrisburg,PA,,Bucknell University
27,272367,Ross,Marklein,Laurel,MD,,University of Pennsylvania
28,242040,David,Kim,New Brunswick,NJ,,Rutgers University
29,224749,Bladi,Duran,Los Angeles,CA,,Brown University
30,257524,Benjamin,Cheetham,Santa Monica,CA,,Cornell University
31,235849,Zachary,LaBry,Los Angeles,CA,,Massachusetts Institute of Technology
32,254441,Steven,Hopengarten,Medford,MA,,Union College
33,273138,Kevin,Curran,Madison Township,PA,,Bucknell University
34,220903,Daniel,Fuehrer,Easton,PA,,Kutztown University
35,254695,Kyle,Reed,Hamburg,PA,,University of Delaware
37,257600,Daniel,Aduna,Davis,CA,,Carnegie Mellon University
38,221202,Christopher,Thompson,Oakland,CA,,Penn State University
DNF,195021,Steve,McFarland,Brooklyn,NY,,Columbia University
DNF,259759,owen,laurion,Rochester,NY,,University of Rochester

03/30/2009 Criterium Men A
Place,License #,First,Last,City,State,Time,Team
1,218049,Colin,Jaskiewicz,Montclair,NJ,,University of Vermont
2,213405,Vincent,Scalia,Queensbury,NY,,University of Vermont
3,186239,Nick,Bennette,Seattle,WA,,Princeton University
4,219955,Patrick,Bradley,Richwood,NJ,,Rutgers University
5,251422,Erik,Wilburn,West Point,NY,,US Military Academy
6,178530,William,Cukierski,Highland Park,NJ,,Rutgers University
7,259653,Robert,Stumpf,Beaver,PA,,University of Pittsburgh
8,240638,Derek,Merkler,Fort Rucker,AL,,US Military Academy
9,252197,Lee,Peters,Burlington,VT,,University of Vermont
10,191069,Christopher,Worden,Chatham,NJ,,University of Vermont
11,207002,Alex,Cox,Portland,ME,,University of Vermont
12,222037,Peter,Chiu,New York,NY,,Columbia University
13,232942,Christopher,Hamlin,Jonesville,VT,,University of Vermont
14,225383,Sean,Melcher,Hoboken,NJ,,Penn State University
15,197227,Jose,Soltren,Menlo Park,CA,,Massachusetts Institute of Technology
16,180819,Nick,Frey,Breckenridge,CO,,Princeton University
17,240153,Glenn,Ferreira,Manville,NJ,,Tufts University
18,221137,Drew,Scoles,Rochester,NY,,University of Rochester
19,242168,Christopher,Redmond,Highland Park,NJ,,Rutgers University
20,242119,Ross,Saxton,White River Junction,VT,,University of Vermont
21,259473,Nathan,Kupperstock,Decatur,GA,,Boston University
22,257024,Anthony,Hall,Brooklyn,NY,,Columbia University
23,244930,Joshua,Jamner,Waterville,ME,,Colby College
24,211744,Joshua,Lipka,Cheshire,MA,,University of New Hampshire
25,223464,Jeffrey,Salvitti,San Francisco,CA,,Bucknell University
26,42851,Michael,Garrett,Boulder,CO,,Massachusetts Institute of Technology
27,259443,Brian,Roberts,Brighton,MA,,Boston University
28,261584,Peter,Heinz,New York,NY,,Connecticut College
29,256402,Aaron,Meyers,Lewisburg,PA,,Bucknell University
30,258368,Anna,McLoon,Medford,MA,,Harvard University
31,234314,Steven,Pingree,Williamsburg,VA,,US Military Academy
32,241174,Kyle,Helder,Carlisle,PA,,Kutztown University
33,270293,Joseph,Grimm,Thiells,NY,,US Military Academy
34,217303,Christopher,Hair,Rockville,MD,,Boston University
35,184179,Morgan,MacLeod,Santa Cruz,CA,,Bowdoin College
36,256271,Alexander,Graybeal,Scarsdale,NY,,Columbia University
37,255477,Kyle,Gheres,Port Matilda,PA,,Penn State University
38,257138,Andrew,Wheeler,West Point,NY,,US Military Academy
39,242361,Chris,Thomas,Portland,OR,,Columbia University
40,168412,Brian,Kall,Philadelphia,PA,,Drexel University
41,198903,Noah,Zitzer,Asheville,NC,,Kutztown University
42,254053,Martin,Kell,Chambersburg,PA,,Penn State University
43,132649,Christopher,Ruhl,State College,PA,,Penn State University
44,255885,Austin,Roach,Bloomfield,IN,,Princeton University
45,234249,Emerson,Loustau,Northampton,MA,,University of Massachusetts
46,70102,Darco,Lalevic,Philadelphia,PA,,University of Pennsylvania
DNF,224432,John,Hunter,Victor,NY,,Temple University
DNF,250718,Tim,Humpton,Jamison,PA,,Massachusetts Institute of Technology
DNF,136303,Benjamin,Barczewski,Allentown,PA,,Columbia University

03/30/2009 Criterium Women Intro
Place,License #,First,Last,City,State,Time,Team
1,269153,Amy,Schwarzenberg,Waterford,CT,,University of New Hampshire
2,293174,Katy,Applin,Winston-salem,NC,,Northeastern University
3,284662,Isabella,Oleksy,Billerica,MA,,University of New Hampshire
4,291096,Taylor,Rojek,Scott Twp. ,PA,,DeSales University
5,288296,Samantha,Schneider,Baltimore,MD,,Franklin and Marshall College
6,292922,Amanda,Nauman,Laguna Hills,CA,,Stevens Institute of Technology
7,291520,Jennifer,Mygatt,Newhaven,CT,,Yale University
8,291271,Shreya,Mehta,Silver Spring,MD,,University of Pittsburgh
9,290945,Sarah,Bowman,Providence,RI,,Yale University
10,293325,Carlie,Pietsch,Ithaca,NY,,Cornell University
11,291595,Cassandra,Mooshian,Dover,NH,,University of New Hampshire
12,289014,Kimberly,Miner,Concord,MA,,Tufts University
13,291579,Leah,Ross,Queensbury,NY,,University of New Hampshire
14,291803,Tricia,Barstow,Portland,ME,,University of New Hampshire
15,291556,Marie,Weber,Hanover,NH,,Mount Holyoke College
16,292252,Samantha,Noe,Altonbay,NH,,Rochester Institute of Technology
17,275585,Laura,Sneider,Hoboken,NJ,,Stevens Institute of Technology
18,293485,Michelle,Ward,Dallas,TX,,Princeton University
19,290152,Amanda,Berg,Chester ,NJ,,Rochester Institute of Technology
20,291788,Allie,Ackerman,Pittsburgh,PA,,University of Pittsburgh
21,290805,Crystal,Piper,New Haven,CT,,Yale University
22,291155,Constance,Chang,New Haven,CT,,Yale University
23,284992,Laurenthia,RussellPinkham,Boston,MA,,Northeastern University
24,293185,Nicole,Ogrosso,Hoboken,NJ,,Stevens Institute of Technology
25,0,Amy,Dzura,,,,University of Pittsburgh
26,293157,Rachel,Marcuson,Santa Cruz,CA,,Stevens Institute of Technology

03/30/2009 Criterium Women B
Place,License #,First,Last,City,State,Time,Team
1,184111,Christine,Levy,New Haven,CT,,Yale University
2,257425,Rebecca,Levin,Princeton,NJ,,Princeton University
3,289751,Laura,Ralston,Cambridge,MA,,Massachusetts Institute of Technology
4,274627,Anne,Washburn,Cambridge,MA,,Harvard University
5,254508,Dana,Prey,Arlington,MA,,Boston College
6,284592,Ashley,Nichols,Burlington,VT,,University of Vermont
7,291229,Aimee,Layton,New York,NY,,Columbia University
8,247989,Stephanie,Stambaugh,Pittsburgh,PA,,University of Pittsburgh
9,277407,Shane,Ferro,Bronx,NY,,Columbia University
10,290990,Victoria,Hanks,Pennsauken,NJ,,Drexel University
11,0,Karina,DeMair,,,,Rutgers University
12,221588,Nicole,Seekely,New York City,NY,,Columbia University
13,269269,Jessica,Kutz,State College ,PA,,Penn State University
14,291369,KimberlyAnn,Zubris,Alburtis,PA,,Boston University
15,251494,Kelsey,Hassin,West Point,NY,,US Military Academy
16,211344,Janis,Sandlin,Boulder,CO,,Yale University
17,256355,Margaret,Hartman,Maplewood,NJ,,Bucknell University
18,232875,Sarah,Pritzker,Minneapolis,MN,,Bowdoin College
19,200164,Lauren,Tracy,Arlington,MA,,Colby College
20,272932,Susan,Bresney,Altamont,NY,,Boston College
21,285979,Jessica,Davis,Westpoint,NY,,US Military Academy
22,280663,Melissa,Gymrek,Cambridge,MA,,Massachusetts Institute of Technology
23,275653,Andrea,Notopoulos,Newton,MA,,Colby College
24,289997,Rachel,Meyer,South Portland,ME,,University of Vermont
25,289568,Elizabeth,Marcello,Newyork,NY,,Columbia University
26,273422,Chelsea,Amengual,Yonkers,NY,,Boston College
27,0,Lesley,Stevens,,,,University of Vermont
28,238235,Caroline,Savage,Seattle,WA,,Columbia University
29,272926,Stacie,Burak,New London,CT,,US Military Academy
30,291416,Sarah,Grogan,Philadelphia,PA,,Drexel University
31,273541,Rebekah,Morris,Bedminster,NJ,,Bucknell University
32,254839,Amanda,Feirstein,Chestnut Hill,MA,,Boston College
33,0,Kelsie,Helberg,,,,University of Vermont
34,275552,Allison,Gehnrich,Fruitland,MD,,University of New Hampshire
35,289800,Susannah,Hufstader,Waterville,ME,,Colby College
36,289723,Molly,Hurford,Hampton,NJ,,Rutgers University
37,291005,Shauna,Henley,Baltimore,MD,,University of Vermont
38,290054,Emily,Daniels,North Wales,PA,,Bucknell University
DNF,276137,Nicole,Hilaire,Longmont,CO,,US Military Academy
DNF,276005,Jaclyn,Dalessandro,Revere,MA,,Northeastern University
DNF,289770,Eun Young,Choi,Cambridge,MA,,Harvard University

03/30/2009 Criterium Women A
Place,License #,First,Last,City,State,Time,Team
1,134992,Kimberly,Geist,Emmaus,PA,,DeSales University
2,261361,Emma,Bast,Hinesburg,VT,,Mount Holyoke College
3,265039,Anna,Olivier,New Haven,CT,,Yale University
4,234262,Courtney,Rehwoldt,Colorado Springs,CO,,US Military Academy
5,229078,Morgan,Farnsworth,Schnecksville,PA,,Penn State University
6,257093,Yuri,Matsumoto,Cambridge,MA,,Massachusetts Institute of Technology
7,241864,Martha,Buckley,Cambridge,MA,,Massachusetts Institute of Technology
8,241197,Frances,Morrison,Westhampton,MA,,Mount Holyoke College
9,241032,Bianca,Grecu,Philadelphia,PA,,Thomas Jefferson University
10,239536,Priscilla,Mok,Providence,RI,,Brown University
11,254750,Zuzana,Trnovcova,Cambridge,MA,,Massachusetts Institute of Technology

03/29/2009 Road Race Men Intro
Place,License #,First,Last,City,State,Time,Team
1,284788,Chris,Rago,Enfield,CT,,University of Connecticut
2,0,Craig,Michaud,,,,Wentworth Institute of Technology
3,0,Stephen,Wanser,,,,Rutgers University
4,291228,Brett,Houser,Philadelphia,PA,,Drexel University
5,284551,Christopher,Colangelo,Ardsley,NY,,University of Connecticut
6,0,Jonathan,Perkins,,,,Villanova University
7,0,Satoshi,Harris-Koizumi,,,,Dartmouth College
8,284754,Robert,Winnett,Attleboro,MA,,Boston University
9,290682,Ryan,McCaskill,Englewood,NJ,,Wentworth Institute of Technology
10,285846,Marcos,Picchio,Flemington,NJ,,Rutgers University
11,291779,Aaron,Merriam,Highland Park,NJ,,Rutgers University
12,289073,Patrick,Streeter,Rochester,NY,,Rochester Institute of Technology
13,287492,Adric,Quackenbush,Westfield,NJ,,Franklin and Marshall College
14,285205,Chieh Chih,Chiang,Providence,RI,,Brown University
15,289903,John,Jackson,Pittsburgh,PA,,University of Pittsburgh
16,291236,Tahir,Qadeer,Villanova,PA,,Villanova University
17,289176,George,Ghanim,Green Brook,NJ,,Rutgers University
18,0,Ali,Zahulha,,,,University of Pennsylvania

03/29/2009 Road Race Men D Div 1
Place,License #,First,Last,City,State,Time,Team
1,293341,Andrew,Haughton,Philadelphia,PA,,Penn State University
2,232964,Nathan,Oriol,Holden,MA,,University of New Hampshire
3,258857,James,Rose,Freeport,ME,,University of New Hampshire
4,293161,Andrew,Goodale,Maynard,MA,,University of New Hampshire
5,192539,Will,Cox,Burlington,VT,,University of Vermont
6,258021,Ethan,Schrum,Philadelphia,PA,,University of Pennsylvania
7,0,Nathan,Jacobs,,,,University of Pennsylvania
8,259265,Jerome,Sanders,Chickasha,OK,,University of Connecticut
9,291076,Clint,Dager,Newark,DE,,University of Delaware
10,293288,Tom,Draskovic,Upper Arlington,OH,,Penn State University
11,289866,Hank,Greenberg,New York,NY,,Harvard University
12,288866,Alexander,Turnwall,Brookline,MA,,Northeastern University
13,291463,James,Bolognani,Plymouth,NH,,University of New Hampshire
14,275283,Arthur,Wicks,Newark,DE,,University of Delaware
15,290379,Jorge,Barragan,Miami,FL,,Columbia University
16,289931,Will,Quinn,Philadelphia,PA,,University of Pennsylvania
17,276747,Ethan,Suttner,Ithaca,NY,,Cornell University
18,293219,Thomas,Owston,Boston,MA,,Northeastern University
19,288379,Garrick,Dixon,Manlius,NY,,Northeastern University
20,290974,Philip,Gasparovic,Newark,DE,,University of Delaware
21,291890,Brad,Gulick,Philadelphia,PA,,University of Pennsylvania
22,275742,Nolan,Musselman,Cambridge,MA,,Boston University
23,252423,Neal,Martorelli,Lawrenceville,NJ,,University of Vermont
24,290822,Preston,Buehrer,Dorchester,MA,,Boston University
25,0,Steve,Aliberti,,,,Penn State University
26,293087,Nicholas,Fiolo,Johnson City,TN,,Penn State University
27,289089,Rishi,Madhok,New York,NY,,Columbia University
28,290384,Andrew,Esherick,State College,PA,,Penn State University
29,257844,Sean,Whitehurst,St. Louis,MO,,Cornell University
30,291320,adam,cohen,Fortwashington,PA,,University of Pittsburgh
31,286863,Ricardo,Collado,Monmouth Jct,NJ,,Rutgers University
32,286034,Nicholas,Apostolopoulos,Morris Plains,NJ,,Rutgers University
33,255471,Matthew,Lewis,Washington,DC,,Columbia University
34,289351,Darren,He,Cambridge,MA,,Harvard University
35,292657,Noah,Morganstern,Philadelphia,PA,,University of Pennsylvania
36,284322,Andrew,Moore,Statecollege,PA,,Penn State University
37,291492,David,Garguilo,Jackson,NJ,,Boston University
38,291783,Douglas,Park,Fortlee,NJ,,Rutgers University
39,291864,daniel,rossi,Wyndmoor,PA,,Franklin and Marshall College
40,278096,Brian,Wilson,Wilmington,MA,,Penn State University
41,289507,Gregory,Smaldone,Davis,CA,,Cornell University
42,273298,Zachary,Zerby,Pottstown,PA,,University of Pittsburgh
43,276132,Cristian,Adams,Haddonfield,NJ,,Rutgers University
44,287588,Matthew,Blackburn,Cambridge,MA,,Massachusetts Institute of Technology
45,293331,Zachary,Repp,Yardley,PA,,Penn State University
46,290039,Steven,Karaszkiewicz,West Chester,PA,,University of Pittsburgh
47,275419,Sky,O'Mara,Boston,MA,,Northeastern University
48,292899,Matthew,Casserly,Holliston,MA,,Boston University
49,290782,Ian,Schon,Brookline,MA,,Boston University
DNF,290093,Javier,Garcia,Philadelphia,PA,,Temple University
DNF,291461,Nathaniel,Coghlan,Phoenix,AZ,,University of New Hampshire
DNF,286434,Steven,Derkits,Owensboro,KY,,Penn State University
DNF,291797,Sean,Montgomery,Jenkintown,PA,,Penn State University
DNF,290531,Kehvon,Thomas,Allston,MA,,Boston University
DNF,288373,Jingyuan,Ma,Homewood,AL,,University of Pennsylvania
DNF,291410,Dennis,Hall,Newyork,NY,,Columbia University
DNF,289250,Sandon,Coggin,Ithaca,NY,,Columbia University
DNF,278184,David,Almeida,Ludlow,MA,,Northeastern University
DNF,292036,Hughes,Burridge,Roxbury Crossing,MA,,Northeastern University
DNF,277184,James,Rocchio,Allston,MA,,Boston University
DNF,290603,Tristan,Baldwin,Amherst,NH,,University of Vermont
DNF,290092,Trevor,Sonnenberg,Bristol,PA,,Temple University
DNF,291534,Troy,Stram,Spring Grove,PA,,Penn State University
DNF,0,Jonathan,Yoder,,,,University of Pennsylvania
DNF,275817,Daniel,Boyle,Burlington,VT,,University of Vermont
DNF,276188,Timothy,Duclos,Burlington,VT,,University of Vermont

03/29/2009 Road Race Men D Div 2
Place,License #,First,Last,City,State,Time,Team
1,289673,David,Quinn,Cambridge,MA,,Massachusetts Institute of Technology
2,288542,Stephen,Thomasch,Washington,DC,,Franklin and Marshall College
3,289100,Brian,Tsien,Boulder,CO,,US Military Academy
4,275827,ERIC,MOON,Willow Street,PA,,Millersville University
5,257044,Will,Pisarello,Germantown,MD,,Rochester Institute of Technology
6,292587,Alex,Osigian,Kingspoint,NY,,US Merchant Marine Academy
7,282697,Peter,Spencer,Berkeley,CA,,US Merchant Marine Academy
8,196881,Russ,Forthuber,Santa Cruz,CA,,US Merchant Marine Academy
9,276967,Gregory,Keith,Birmingham,AL,,US Military Academy
10,289626,nick,garcia,Copperas Cove,TX,,US Military Academy
11,275568,Joe,Pawelczyk,Philadelphia,PA,,Villanova University
12,253757,Cimarron,Wortham,Seattle,WA,,Massachusetts Institute of Technology
13,290847,Garrett,Olsen,Santa Monica,CA,,Villanova University
14,279771,Spencer,Schaber,Saint Louis Park,MN,,Massachusetts Institute of Technology
15,277266,Adam,Haynos,Millersville,PA,,Millersville University
16,277281,Jacob,Yundt,Pittsburgh,PA,,Rochester Institute of Technology
17,293364,Ian,Burgess,Glen Gardner,NJ,,Stevens Institute of Technology
18,289099,Armando,Peralta,West Point,NY,,US Military Academy
19,284440,Kevin,Cullen,Kings Point,NY,,US Merchant Marine Academy
20,290366,Christopher,Cohen,Providence,RI,,Brown University
21,267138,Zachary,Browning,Havre De Grace,MD,,Rochester Institute of Technology
22,275218,Michael,McHugh,Doylestown,PA,,Kutztown University
23,291122,chris,buehler,Pittsburgh,PA,,Carnegie Mellon University
24,275667,Isaac,Spingarn,Warren,NJ,,Stevens Institute of Technology
25,289139,Ryan,Morcrette,Macungie,PA,,Drexel University
26,289096,James,Thornton,Fort Leonard Wood,MO,,US Military Academy
27,292255,Marc,DeLese,Statenisland,NY,,Stevens Institute of Technology
28,289102,Brenden,Siekman,Raeford,NC,,US Military Academy
29,289371,Zachary,Ybarra,Boston,MA,,Massachusetts Institute of Technology
30,291688,Cornelius,Rand,Burlington,VT,,Wentworth Institute of Technology
31,288479,Daniel,Summers,Arlington,VA,,Rochester Institute of Technology
32,248931,David,Gordon,Ringoes,NJ,,Stevens Institute of Technology
33,293446,John,vanHoff,Rochester,NY,,University of Rochester
34,291122,chris,buehler,Pittsburgh,PA,,Carnegie Mellon University
35,289410,Matthew,Ciccocioppo,Shippensburg,PA,,Shippensburg University
36,292935,Michael,Hoffman,Rochester,NY,,University of Rochester
37,0,Ryan,Hoerner,,,,Shippensburg University
38,275764,Daehyun,An,Hanover,NH,,Dartmouth College
39,228135,Jason,Herrling,Auburn,NY,,Rochester Institute of Technology
40,277541,Donald,Leclerc,Milwaukee,WI,,Rochester Institute of Technology
41,286373,Brent,Heverly,Perkasie,PA,,Drexel University
42,0,Justin,Riedel,,,,US Merchant Marine Academy
43,259590,Andrew,Hilmer,Cambridge,MA,,Massachusetts Institute of Technology
44,275768,Kyung Soo,Lee,Jersey City,NJ,,Stevens Institute of Technology
45,291864,daniel,rossi,Wyndmoor,PA,,Franklin and Marshall College
46,0,Joseph,Bacinski,,,,Shippensburg University
47,254845,Arjun,Sudhir,Oakland,CA,,Boston College
48,290067,Brian,Tino,Lewisburg,PA,,Bucknell University
49,284438,Evan,Kilpatrick,Arlington,VA,,US Merchant Marine Academy
50,290000,Gavin,Daly,Princeton,NJ,,Princeton University
51,275131,Alejandro,Hidalgo,New York,NY,,Tufts University
52,277315,Jacob,Gerber,Mountville,PA,,Millersville University
53,290905,James,Wu,Longmeadow,MA,,University of Rochester
54,290055,Timothy,Raggets,Rochester,NY,,Rochester Institute of Technology
55,289870,Orlando,Martinez,Hoboken,NJ,,Stevens Institute of Technology
56,275666,Benjamin,Jones,Hanover,NH,,Dartmouth College
57,274849,Patrick,Matsinko,Lehighton,PA,,Kutztown University
58,285326,Edan,Golomb,Tenafly,NJ,,Stevens Institute of Technology
59,277927,Anthony,Castiglia,Rochester,NY,,Rochester Institute of Technology
DNF,274645,Raymond,Junkins,,,,Stevens Institute of Technology
DNF,288620,Joshua,Parker,Providence,RI,,Brown University
DNF,257726,Zachary,Ellwood,Orwigsburg,PA,,DeSales University
DNF,287588,Matthew,Blackburn,Cambridge,MA,,Massachusetts Institute of Technology
DNF,289882,Charles,Salzer,New York,NY,,Franklin and Marshall College
DNF,290632,Andrew,Mitstifer,Brooklyn,NY,,Franklin and Marshall College
DNF,258100,Gregory,Wesolowich,Warrington,PA,,Millersville University
DNF,292466,Benjamin,Elowe,Rochester,NY,,University of Rochester
DNF,209329,Charles,Arroyo,Darien,CT,,Boston College
DNF,291850,Mikael,Garabedian,Plymouth Meeting,PA,,Drexel University

03/29/2009 Road Race Men C
Place,License #,First,Last,City,State,Time,Team
1,279558,Blake,Hawthorne,West Point,NY,,US Military Academy
2,246260,Benjamin,Stephens,Somerville,MA,,Carnegie Mellon University
3,291083,Gregg,Izzo,Randolph,MA,,Northeastern University
4,288444,Justin,Bosley,Philadelphia,PA,,University of Pennsylvania
5,273257,Matthew,Bathe,New Brunswick,NJ,,Rutgers University
6,291453,Ronan,Cahill,Seattle,WA,,University of Rochester
7,290610,Max,Korus,Menlo Park,CA,,University of Pennsylvania
8,274834,Max,Feldman,Philadelphia,PA,,University of Pennsylvania
9,274173,David,Casale,Pennsauken,NJ,,Drexel University
10,272928,David,Kahn,New Haven,CT,,Yale University
11,274799,John,Roper,Irvine,CA,,Northeastern University
12,290674,Rocco,Repetski,Princeton,NJ,,Princeton University
13,272622,Douglass,Endrizzi,Scarborough,ME,,Yale University
14,291272,Andrew,Seitz,New York,NY,,University of Pittsburgh
15,293232,Luke,Salvato,Brunswick,ME,,Bowdoin College
16,258621,Peter,Hagerty,Minnetonka,MN,,Rochester Institute of Technology
17,257506,Patrick,Barter,Wilder,VT,,Dartmouth College
18,274668,Corey,Kropp,Baltimore,MD,,University of Delaware
19,274594,Michael,Desmarais,Essex Jct,VT,,University of Vermont
20,274200,Joseph,Glaser-Reich,Providence,RI,,Brown University
21,259535,Charles,Thompson,Ewing,NJ,,Rutgers University
22,257594,Karl,Honerlaw,Wyoming,OH,,Boston College
23,248423,Nevin,Rallis,Windham,ME,,University of Vermont
24,243230,Daniel,Homeier,Montpelier,VT,,Colby College
25,252702,Sean,Berry,Hampton,NH,,University of New Hampshire
26,274866,Adam,Francis,New Haven,CT,,Yale University
27,276421,Jeff,Dolan,Boulder,CO,,University of Rochester
28,274901,Steve,Lachance,Arlington,MA,,Northeastern University
29,274833,Andrew,Meyer,Hopkinton,NH,,Boston College
30,0,Stephen,Durham,,,,Dartmouth College
31,290915,Richard,Harrold,New Haven,CT,,Yale University
32,289875,Chad,Husko,New York,NY,,Columbia University
33,269861,Joseph,Gilch,Glendora,NJ,,Rutgers University
34,290655,Brent,Doscher,Weare,NH,,University of New Hampshire
35,283375,Matthew,Furlow,Philadelphia,PA,,University of Pennsylvania
36,257669,Kyle,Bruley,Philadelphia,PA,,Boston University
37,286965,Ian,Rousseau,Boston,MA,,Massachusetts Institute of Technology
38,213805,Chris,Scannell,Burlington,VT,,University of Vermont
39,274717,Daniel,Hale,Glastonbury,CT,,University of Vermont
40,258927,Kyle,MacFarlane,Pittsburgh,PA,,University of Pittsburgh
41,273515,Thomas,Moroney,Sussex,NJ,,Rutgers University
42,253357,Andy,Glaser,Hillsborough,NJ,,Rutgers University
43,193178,Jacob,Sisson,Somerset,NJ,,Cornell University
44,253922,Ray,Dodd,Berlin,NJ,,Rutgers University
45,244398,Isaac,Bleicher,Newton,MA,,Massachusetts Institute of Technology
46,250893,Wookie,Kim,New Haven,CT,,Yale University
47,256532,Patrick,Ryan,West Point,NY,,US Military Academy
48,256341,Jeremy,May,West Point,NY,,US Military Academy
49,185983,Joseph,Perez,West Point,NY,,US Military Academy
50,276226,Josh,Many,Villanova,PA,,Villanova University
51,288386,Adam,Siebert,Philadelphia,PA,,University of Pennsylvania
52,289875,Chad,Husko,New York,NY,,Columbia University
53,218476,Kenneth,Cheung,Boston,MA,,Massachusetts Institute of Technology
54,225852,Keith,Groshans,State College,PA,,Penn State University
55,236408,Matt,Cocola,Lewisburg,PA,,Bucknell University
56,237145,Erik,Newman,Hanover,NH,,Dartmouth College
57,274678,andrew,mina,Brighton,MA,,Penn State University
58,265028,Anthony,Esposito,Roselle,NJ,,Rutgers University
59,222012,Nick,Loomis,Cambridge,MA,,Massachusetts Institute of Technology
60,196255,Doug,Markgraf,Abington,PA,,Drexel University
DNF,188494,Uri,Halevi,Easthampton,MA,,University of Massachusetts
DNF,258346,Max,Knee,Philadelphia,PA,,Temple University
DNF,273753,Mike,Longeri,Newmarket,NH,,University of New Hampshire
DNF,274848,J Taylor,Marble,Jamaica Plain,MA,,Wentworth Institute of Technology
DNF,290463,David,Wagner,New Haven,CT,,Yale University
DNF,274603,Brandon,Sullivan,Exton,PA,,Lehigh University
DNF,276395,Jesse,Steiner,Hamburg,NY,,Rochester Institute of Technology
DNF,261937,Patrick,Cafferky,Richmond,VT,,University of Vermont
DNF,240973,Jeffrey,Lukach,Newmarket,NH,,University of New Hampshire
DNF,242223,Devin,Tyman,Saint Louis ,MO,,Lehigh University
DNF,237029,Edward,Rice,Providence,RI,,Brown University

03/29/2009 Road Race Men B
Place,License #,First,Last,City,State,Time,Team
1,216394,Weston,Wheeler,Lake Placid,NY,,University of Vermont
2,209391,Jesse,Chebot,Somerville,MA,,University of Vermont
3,270293,Joseph,Grimm,Thiells,NY,,US Military Academy
4,217384,Michael,Hamilton,Los Angeles,CA,,Massachusetts Institute of Technology
5,208123,Joseph,Bylund,New York,NY,,Columbia University
6,260977,John,Gurcsik III,Philadelphia,PA,,Temple University
7,257940,Aaron,Cravez,Lewisburg,PA,,Bucknell University
8,260414,James,Miceli,Arlington,VA,,Villanova University
9,199341,Ian,Sullivan,Jericho,VT,,University of Vermont
10,269625,Corey,Williams,New York,NY,,Columbia University
11,278441,Olivier,Rolin,State College,PA,,Penn State University
12,284354,Derek,Harnden,Burlington,VT,,University of Vermont
13,263499,Matthew,Gross,Boulder,CO,,Penn State University
14,257600,Daniel,Aduna,Davis,CA,,Carnegie Mellon University
15,207821,Andrew,Webster,Millersville,PA,,Millersville University
17,271206,Mike,McCafferty,Pittsburgh,PA,,Penn State University
18,235849,Zachary,LaBry,Los Angeles,CA,,Massachusetts Institute of Technology
19,220903,Daniel,Fuehrer,Easton,PA,,Kutztown University
20,242040,David,Kim,New Brunswick,NJ,,Rutgers University
22,236374,Jeffrey,Boehmer,Lewisburg,PA,,Bucknell University
23,275378,William,Kistler,Cresco,PA,,University of Delaware
24,230491,Matthew,Holub,Windham,NH,,University of New Hampshire
25,235971,Chris,Rodgers,Lawrenceville,NJ,,Penn State University
26,194297,Charles,Florek,Exton,PA,,Rutgers University
27,241583,Matthew,Schoman,Philadelphia,PA,,Drexel University
28,258122,Brian,Holmes,Minneapolis,MN,,Princeton University
29,275956,Elliot,Hawkes,Stanford,CA,,Harvard University
31,221202,Christopher,Thompson,Oakland,CA,,Penn State University
32,195021,Steve,McFarland,Brooklyn,NY,,Columbia University
33,254695,Kyle,Reed,Hamburg,PA,,University of Delaware
34,257524,Benjamin,Cheetham,Santa Monica,CA,,Cornell University
35,254441,Steven,Hopengarten,Medford,MA,,Union College
36,255010,Daniel,Wood,Harrisburg,PA,,Bucknell University
37,274578,Aaron,Hall,Boston,MA,,Harvard University
39,259830,Ashley,Doane,New York,NY,,Drexel University
40,273533,Arnaud,Borner,Mountain View,CA,,Penn State University
41,259759,owen,laurion,Rochester,NY,,University of Rochester
42,251832,Robert,Burnett,Golden,CO,,Franklin and Marshall College
43,240298,Leonard,Klipper,Philadelphia,PA,,University of Pennsylvania
44,223840,Don,Yungher,Highland Park,NJ,,Rutgers University
45,256895,Guo-Liang,Chew,Cambridge,MA,,Massachusetts Institute of Technology
46,190440,Adam,Leman,Chapel Hill,NC,,Drexel University
DNF,224749,Bladi,Duran,Los Angeles,CA,,Brown University
DNF,273138,Kevin,Curran,Madison Township,PA,,Bucknell University
DNF,274165,Alan,Fischer,West Point,NY,,US Military Academy
DNF,258866,Daniel,Bensen,Greenfield,MA,,University of Vermont
DNF,272367,Ross,Marklein,Laurel,MD,,University of Pennsylvania
DNF,227638,Jonathan,Poterjoy,State College,PA,,Millersville University
DNF,288380,Sean,Whiteman,Philadelphia,PA,,University of Pennsylvania

03/29/2009 Road Race Men A
Place,License #,First,Last,City,State,Time,Team
1,232942,Christopher,Hamlin,Jonesville,VT,,University of Vermont
2,219955,Patrick,Bradley,Richwood,NJ,,Rutgers University
3,186239,Nick,Bennette,Seattle,WA,,Princeton University
4,213405,Vincent,Scalia,Queensbury,NY,,University of Vermont
5,132649,Christopher,Ruhl,State College,PA,,Penn State University
6,252197,Lee,Peters,Burlington,VT,,University of Vermont
7,240638,Derek,Merkler,Fort Rucker,AL,,US Military Academy
8,211744,Joshua,Lipka,Cheshire,MA,,University of New Hampshire
9,207002,Alex,Cox,Portland,ME,,University of Vermont
10,259473,Nathan,Kupperstock,Decatur,GA,,Boston University
11,223464,Jeffrey,Salvitti,San Francisco,CA,,Bucknell University
12,257024,Anthony,Hall,Brooklyn,NY,,Columbia University
13,224432,John,Hunter,Victor,NY,,Temple University
14,274737,Gregory,Leach,Washington,DC,,American University
16,242119,Ross,Saxton,White River Junction,VT,,University of Vermont
17,218049,Colin,Jaskiewicz,Montclair,NJ,,University of Vermont
18,222037,Peter,Chiu,New York,NY,,Columbia University
19,256402,Aaron,Meyers,Lewisburg,PA,,Bucknell University
20,191069,Christopher,Worden,Chatham,NJ,,University of Vermont
21,228090,Gregory,Battista,Toms River,NJ,,Ocean County College
22,208038,Ryan,Bodge,Madison,WI,,American University
23,275726,Tyler,Bauer,Philadelphia,PA,,Temple University
24,259443,Brian,Roberts,Brighton,MA,,Boston University
25,178530,William,Cukierski,Highland Park,NJ,,Rutgers University
26,261584,Peter,Heinz,New York,NY,,Connecticut College
27,240153,Glenn,Ferreira,Manville,NJ,,Tufts University
28,275731,S Charles,Zamastil,Wichita Falls,TX,,Temple University
29,197227,Jose,Soltren,Menlo Park,CA,,Massachusetts Institute of Technology
30,250718,Tim,Humpton,Jamison,PA,,Massachusetts Institute of Technology
31,184179,Morgan,MacLeod,Santa Cruz,CA,,Bowdoin College
32,255885,Austin,Roach,Bloomfield,IN,,Princeton University
33,241174,Kyle,Helder,Carlisle,PA,,Kutztown University
34,234314,Steven,Pingree,Williamsburg,VA,,US Military Academy
35,259335,John,Beers IV,Philadelphia ,PA,,Temple University
36,221137,Drew,Scoles,Rochester,NY,,University of Rochester
37,256271,Alexander,Graybeal,Scarsdale,NY,,Columbia University
38,242168,Christopher,Redmond,Highland Park,NJ,,Rutgers University
39,257138,Andrew,Wheeler,West Point,NY,,US Military Academy
40,251422,Erik,Wilburn,West Point,NY,,US Military Academy
41,244930,Joshua,Jamner,Waterville,ME,,Colby College
42,217303,Christopher,Hair,Rockville,MD,,Boston University
43,258368,Anna,McLoon,Medford,MA,,Harvard University
DNF,225383,Sean,Melcher,Hoboken,NJ,,Penn State University
DNF,251348,Timothy,Manzella,Malvern,PA,,Drexel University
DNF,200189,Chris,Stern,West Milford,NJ,,Kutztown University
DNF,259653,Robert,Stumpf,Beaver,PA,,University of Pittsburgh
DNF,254053,Martin,Kell,Chambersburg,PA,,Penn State University
DNF,255477,Kyle,Gheres,Port Matilda,PA,,Penn State University
DNF,136303,Benjamin,Barczewski,Allentown,PA,,Columbia University
DNF,42851,Michael,Garrett,Boulder,CO,,Massachusetts Institute of Technology
DNF,242361,Chris,Thomas,Portland,OR,,Columbia University

03/29/2009 Road Race Women Intro
Place,License #,First,Last,City,State,Time,Team
1,291520,Jennifer,Mygatt,Newhaven,CT,,Yale University
2,269153,Amy,Schwarzenberg,Waterford,CT,,University of New Hampshire
3,284662,Isabella,Oleksy,Billerica,MA,,University of New Hampshire
4,291803,Tricia,Barstow,Portland,ME,,University of New Hampshire
5,292922,Amanda,Nauman,Laguna Hills,CA,,Stevens Institute of Technology
6,293174,Katy,Applin,Winston-salem,NC,,Northeastern University
7,291595,Cassandra,Mooshian,Dover,NH,,University of New Hampshire
8,288296,Samantha,Schneider,Baltimore,MD,,Franklin and Marshall College
9,289014,Kimberly,Miner,Concord,MA,,Tufts University
10,293325,Carlie,Pietsch,Ithaca,NY,,Cornell University
11,291579,Leah,Ross,Queensbury,NY,,University of New Hampshire
12,291096,Taylor,Rojek,Scott Twp. ,PA,,DeSales University
13,291155,Constance,Chang,New Haven,CT,,Yale University
14,290152,Amanda,Berg,Chester ,NJ,,Rochester Institute of Technology
15,291556,Marie,Weber,Hanover,NH,,Mount Holyoke College
16,292252,Samantha,Noe,Altonbay,NH,,Rochester Institute of Technology
17,275585,Laura,Sneider,Hoboken,NJ,,Stevens Institute of Technology
18,284090,Laura,Allison,Allentown,PA,,Kutztown University
19,292293,Brittany,Lemenager,Rochester,NY,,Rochester Institute of Technology
20,284992,Laurenthia,RussellPinkham,Boston,MA,,Northeastern University

03/29/2009 Road Race Women B
Place,License #,First,Last,City,State,Time,Team
1,251475,Dana,Feiss,Colorado Springs,CO,,Kutztown University
2,255550,Kristin,Gavin,Philadelphia,PA,,Temple University
3,269269,Jessica,Kutz,State College ,PA,,Penn State University
4,289751,Laura,Ralston,Cambridge,MA,,Massachusetts Institute of Technology
5,184111,Christine,Levy,New Haven,CT,,Yale University
6,275653,Andrea,Notopoulos,Newton,MA,,Colby College
7,274627,Anne,Washburn,Cambridge,MA,,Harvard University
8,276005,Jaclyn,Dalessandro,Revere,MA,,Northeastern University
9,247989,Stephanie,Stambaugh,Pittsburgh,PA,,University of Pittsburgh
10,254508,Dana,Prey,Arlington,MA,,Boston College
11,276137,Nicole,Hilaire,Longmont,CO,,US Military Academy
12,218437,Ali,Flis,Salt Lake City,UT,,Drexel University
13,285979,Jessica,Davis,Westpoint,NY,,US Military Academy
14,273422,Chelsea,Amengual,Yonkers,NY,,Boston College
15,280663,Melissa,Gymrek,Cambridge,MA,,Massachusetts Institute of Technology
16,0,Karina,DeMair,,,,Rutgers University
17,238235,Caroline,Savage,Seattle,WA,,Columbia University
18,257425,Rebecca,Levin,Princeton,NJ,,Princeton University
19,289770,Eun Young,Choi,Cambridge,MA,,Harvard University
20,200164,Lauren,Tracy,Arlington,MA,,Colby College
21,256355,Margaret,Hartman,Maplewood,NJ,,Bucknell University
22,291416,Sarah,Grogan,Philadelphia,PA,,Drexel University
23,251494,Kelsey,Hassin,West Point,NY,,US Military Academy
24,290990,Victoria,Hanks,Pennsauken,NJ,,Drexel University
25,289800,Susannah,Hufstader,Waterville,ME,,Colby College
26,0,Lesley,Stevens,,,,University of Vermont
27,293010,Erica,Mitchell,Bala Cynwyd,PA,,University of Pennsylvania
28,282860,Kaelin,Proud,Philadelphia,PA,,Temple University
29,272932,Susan,Bresney,Altamont,NY,,Boston College
30,273541,Rebekah,Morris,Bedminster,NJ,,Bucknell University
31,284592,Ashley,Nichols,Burlington,VT,,University of Vermont
32,290054,Emily,Daniels,North Wales,PA,,Bucknell University
33,291005,Shauna,Henley,Baltimore,MD,,University of Vermont
34,232875,Sarah,Pritzker,Minneapolis,MN,,Bowdoin College
35,289723,Molly,Hurford,Hampton,NJ,,Rutgers University
36,191121,Bronwen,Coleman,New Haven,CT,,Yale University
37,289997,Rachel,Meyer,South Portland,ME,,University of Vermont
38,254839,Amanda,Feirstein,Chestnut Hill,MA,,Boston College
39,290945,Sarah,Bowman,Providence,RI,,Yale University
40,0,Kelsie,Helberg,,,,University of Vermont
41,285825,Caitlin,Mcardle,Westpoint,NY,,US Military Academy
DNF,272926,Stacie,Burak,New London,CT,,US Military Academy
DNF,181386,Stephanie,White,Tacoma,WA,,University of New Hampshire
DNF,275552,Allison,Gehnrich,Fruitland,MD,,University of New Hampshire
DNF,291369,KimberlyAnn,Zubris,Alburtis,PA,,Boston University

03/29/2009 Road Race Women A
Place,License #,First,Last,City,State,Time,Team
1,134992,Kimberly,Geist,Emmaus,PA,,DeSales University
2,241864,Martha,Buckley,Cambridge,MA,,Massachusetts Institute of Technology
3,257093,Yuri,Matsumoto,Cambridge,MA,,Massachusetts Institute of Technology
4,234262,Courtney,Rehwoldt,Colorado Springs,CO,,US Military Academy
5,261361,Emma,Bast,Hinesburg,VT,,Mount Holyoke College
6,156050,Lauren,Shirock,Emmaus,PA,,Penn State University
7,265039,Anna,Olivier,New Haven,CT,,Yale University
8,241197,Frances,Morrison,Westhampton,MA,,Mount Holyoke College
9,254750,Zuzana,Trnovcova,Cambridge,MA,,Massachusetts Institute of Technology
10,239536,Priscilla,Mok,Providence,RI,,Brown University
11,229078,Morgan,Farnsworth,Schnecksville,PA,,Penn State University
12,241032,Bianca,Grecu,Philadelphia,PA,,Thomas Jefferson University
