2014 USA Cycling Collegiate Road Nationals in Richmond VA Results

05/04/2014 Road Race Men D2
Place,License #,First,Last,City,State,Time,Team
1,126190,Brian,DZIEWA,Saint Louis,MO,2:48:22,Saint Louis University
2,372580,Brad,NEAGOS,Grand Rapids,MI,2:48:37,University of Denver
3,373958,Jules,GOGUELY,Palo Alto,CA,2:49:03,Rhode Island School of Design
4,424712,Alexis,CARTIER,Moscow,ID,2:49:07,University of Idaho
5,338202,Alan,ROYEK,Easton,PA,2:49:13,Shippensburg University of Penn
6,334154,Daniel,HOLMDAHL,Hanover,NH,2:49:13,Dartmouth College
7,273689,Cole,ARCHAMBAULT,Northampton ,MA,2:49:15,Tufts University
8,223721,Matthew,HOWE,Raleigh,NC,2:49:15,Duke University
9,324128,Stephen,VOGEL,San Jose,CA,2:49:17,Wake Forest University
10,296754,Stefan,ZAVISLAN,Los Angeles,CA,2:49:23,US Air Force Academy
11,337398,Zachary,ULISSI,Millbrae,CA,2:49:36,Massachusetts Institute of Tech
12,359925,Max,RUSCH,Golden,CO,2:50:05,Rensselaer Polytechnic Institut
13,177959,Morgan,RYAN,Grand Junction,CO,2:50:11,Colorado Mesa University
14,405612,Craig,RICHEY,,,2:50:14,Bentley University
15,263165,Kaleb,NAEGELI,Durham,NC,2:50:18,Duke University
16,247368,Lewis,GAFFNEY,Raleigh ,NC,2:51:18,Brevard College
17,300855,Kai,WIGGINS,Washington,DC,2:51:32,Middlebury College
18,298437,Nolan,TANKERSLEY,Erwin ,TN,2:51:49,Milligan College
19,366124,Stephen,CABEBE,San Jose,CA,2:51:54,Santa Clara University
20,299925,Chad,CAPOBIANCO,Watkinsville,GA,2:52:00,Mars Hill University
21,394495,Ty,MECHLING,Annapolis,MD,2:52:01,US Naval Academy
22,258043,Eoin,MCDONNELL,Chapel Hill,NC,2:52:12,Duke University
23,288750,Samuel,PHILLIPS,Grand Junction,CO,2:52:26,Colorado Mesa University
24,287067,Alex,JENSEN,Tampa,FL,2:52:27,King University
25,250197,David,DAWSON,Springfield,PA,2:52:30,Philadelphia University
26,366360,Sam,WAPLES,Spokane,WA,2:52:34,Western Washington University
27,276068,Brandon,MILET,Brevard,NC,2:52:46,Brevard College
28,272407,Timothy,KILLELEA,Chattanooga ,TN,2:52:46,King University
29,338692,Brandon,KNETTEL,Raleigh,NC,2:52:48,Lehigh University
30,368473,Jack,KISSEBERTH,Westhampton,MA,2:52:55,Tufts University
31,244581,Cullen,EASTER,Grand Junction,CO,2:53:07,Colorado Mesa University
32,395434,Daniel,DESOUZA,Kalispell,MT,2:55:29,US Naval Academy
33,394883,Nick,JOWSEY,Brevard,NC,2:56:16,Brevard College
34,316276,Andrew,AUSTIN,University Place,WA,2:56:17,Central Washington University
35,231748,Spencer,OSWALD,Dubuque,IA,2:59:29,Colorado Mesa University
36,325110,Timothy,JENKINSON,Mars Hill,NC,@1LAP,Mars Hill University
37,308534,Erik,LEVINSOHN,New Haven,CT,@1LAP,Yale University
38,231092,Will,GLEASON,Norwalk,CT,@1LAP,DePauw University
39,346110,Andrew,CADY,U S A F Academy,CO,@1LAP,US Air Force Academy
40,367978,Michael,SIMECEK,Kirkland,WA,@1LAP,Western Washington University
41,356102,Jeffrey,CLAUSE,San Jose,CA,@1LAP,Santa Clara University
42,374463,Daniel,LAZIER,La Canada,CA,@1LAP,Bucknell University
43,282272,Andrew,BAILEY,Piney Flats,TN,@1LAP,King University
44,316020,James,FOWLER,Keller,TX,@1LAP,Abilene Christian University
45,298571,Garrett,HANKINS,Carmichael,CA,@2LAP,Santa Clara University
46,262263,Ricardo,CREEL,Colorado Springs,CO,@2LAP,Boston College
47,413856,Mauro,RATO,Grand Junction,CO,@2LAP,Mars Hill University
48,306188,John,PRATT,South Lyon,MI,@2LAP,University of Notre Dame
49,368131,Garrett,BRAUN,U S A F Academy,CO,@2LAP,US Air Force Academy
50,235572,Nathaniel,MORSE,Cohasset,MA,@2LAP,Furman University
51,331166,Ben,BRADLEY,Plaquemine,LA,@3LAP,Tulane University of Louisiana
52,333612,Luke,OGDEN,Seattle,WA,@3LAP,Whitman College
53,395206,Ian,UMSTEAD,Murray,KY,@3LAP,Murray State University
54,365674,James,SNITZER,Boulder,CO,@3LAP,University of Notre Dame
55,318892,Alberto,SANTOSDAVIDSON,Walla Walla,WA,@3LAP,Whitman College
56,329626,Joseph,NEAR,Kensington,CA,@3LAP,Massachusetts Institute of Tech
57,387057,Brady,REED,Magnolia,TX,@3LAP,Baylor University
58,378706,Jonathan,YOUNGBLOOD,Amarillo,TX,@3LAP,Texas Christian University
59,309923,Zack,LAVERGNE,Littlerock,AR,@3LAP,Colorado Mesa University
60,211869,Eric,FISCHER,Williamsburg,VA,@3LAP,College of William and Mary
61,333934,Blake,ADAMS,Pigeon Forge,TN,@4LAP,King University
62,394962,David,BERG,Hanover,NH,@4LAP,Dartmouth College
63,423450,Gavyn,NERO,Waco,TX,@4LAP,Baylor University
64,259649,Joseph,WELSH,Cordova,TN,@4LAP,East Tennessee State University
65,313484,Samuel,COWANS,Philadelphia,PA,@4LAP,Bucknell University
66,390786,Nick,STROUD,Bremerton,WA,@4LAP,University of Idaho
67,359223,Daniel,BENOWITZ,Bellingham,WA,@4LAP,Western Washington University
68,280759,Zachary,VALDEZ,Hemet,CA,@4LAP,Brevard College
69,370557,Ben,WOOLSTON,Brighton,MA,@5LAP,Massachusetts Institute of Tech
70,240521,Matthew,GILBERT,Wakefield,RI,@5LAP,Middlebury College
71,299486,Jacob,MILLER,Berkeley,CA,@5LAP,Duke University
72,326136,Alex,BREAKSTONE,Westfield,NJ,@5LAP,Bucknell University
73,306154,Casey,STALLARD,Bristol,TN,@5LAP,East Tennessee State University
74,363257,Jake,BARKER,Steamboat Springs,CO,@5LAP,Middlebury College
75,334498,Alan,TAUSEND,Ft Worth,TX,@5LAP,Texas Christian University
76,234714,Taylor,SCHWARTZ,San Francisco,CA,@5LAP,Tufts University
77,395426,Anthony,BORREGO,Punta Gorda,FL,@5LAP,US Naval Academy
78,315400,Hunter,RESEK,East Dover,VT,@5LAP,Mars Hill University
79,305777,Noah,EPSTEIN,Andover,MA,@5LAP,Tufts University
80,299937,Caleb,WELBORN,Brevard,NC,@5LAP,Brevard College
81,368377,Kuat,YESSENOV,Somerville,MA,@5LAP,Massachusetts Institute of Tech
82,271559,Wyatt,BRIGGS,Thomasville,NC,@5LAP,Brevard College
83,359840,Luke,TILMANS,South Bend,IN,@5LAP,University of Notre Dame
84,304968,Travis,PEDLEY,Farmington,MN,@5LAP,University of Minnesota-Duluth
85,310212,Zachary,ISAACS,Oakland,CA,@5LAP,Middlebury College
86,370837,Edwin,SUPPLE,Golden,CO,@5LAP,Colorado School of Mines
87,231368,Jason Ian,STAMM,Cary,NC,@5LAP,Duke University
88,361711,Eric,GREGG,Boise,ID,@5LAP,University of Northern Colorado
89,393447,Alexander,FULTON,Durham,NC,@5LAP,Duke University
90,311143,Brian,CASE,Pittsford,NY,@5LAP,Bucknell University
91,288392,Zach,MANESS,Kingsport,TN,@5LAP,King University
92,367996,John,BUTLER,Watkinsville,GA,@5LAP,Mars Hill University
93,240094,Zachary,NAVE,Gray,TN,@5LAP,Milligan College
94,322560,Billy,RAYNOR,Wilmington,NC,@5LAP,University of North Carolina Wi
95,335682,Ryan,WIGG,Bellingham,WA,@5LAP,Western Washington University
DNS,297764,Patrick,DIAMOND,South Milwaukee,WI,,US Naval Academy
DNF,304958,Edward,KRONFLI,Santa Clara,CA,,Santa Clara University
DNF,310844,Brian,ELLISON,Chicago Heights,IL,,Adams State University
DNF,255729,Charlie,HOUGH,Travelers Rest,SC,,Furman University
DNF,247838,Thomas,BARNETT,Freehold,NJ,,Providence College
DNF,254864,Samuel,O'KEEFE,Breckenridge,CO,,Middlebury College
DNF,388796,Gabriel,ORTIZ,Dallas,TX,,Baylor University

05/04/2014 Road Race Men D2 Nationals RR
Place,License #,First,Last,City,State,Time,Team
1,126190,Brian,DZIEWA,Saint Louis,MO,2:48:22,Saint Louis University
2,372580,Brad,NEAGOS,Grand Rapids,MI,2:48:37,University of Denver
3,373958,Jules,GOGUELY,Palo Alto,CA,2:49:03,Rhode Island School of Design
4,424712,Alexis,CARTIER,Moscow,ID,2:49:07,University of Idaho
5,338202,Alan,ROYEK,Easton,PA,2:49:13,Shippensburg University of Pennsylvania
6,334154,Daniel,HOLMDAHL,Hanover,NH,2:49:13,Dartmouth College
7,273689,Cole,ARCHAMBAULT,Northampton ,MA,2:49:15,Tufts University
8,223721,Matthew,HOWE,Raleigh,NC,2:49:15,Duke University
9,324128,Stephen,VOGEL,San Jose,CA,2:49:17,Wake Forest University
10,296754,Stefan,ZAVISLAN,Los Angeles,CA,2:49:23,US Air Force Academy
11,337398,Zachary,ULISSI,Millbrae,CA,2:49:36,Massachusetts Institute of Technology
12,359925,Max,RUSCH,Golden,CO,2:50:05,Rensselaer Polytechnic Institute
13,177959,Morgan,RYAN,Grand Junction,CO,2:50:11,Colorado Mesa University
14,405612,Craig,RICHEY,,,2:50:14,Bentley University
15,263165,Kaleb,NAEGELI,Durham,NC,2:50:18,Duke University
16,247368,Lewis,GAFFNEY,Raleigh ,NC,2:51:18,Brevard College
17,300855,Kai,WIGGINS,Washington,DC,2:51:32,Middlebury College
18,298437,Nolan,TANKERSLEY,Erwin ,TN,2:51:49,Milligan College
19,366124,Stephen,CABEBE,San Jose,CA,2:51:54,Santa Clara University
20,299925,Chad,CAPOBIANCO,Watkinsville,GA,2:52:00,Mars Hill University
21,394495,Ty,MECHLING,Annapolis,MD,2:52:01,US Naval Academy
22,258043,Eoin,MCDONNELL,Chapel Hill,NC,2:52:12,Duke University
23,288750,Samuel,PHILLIPS,Grand Junction,CO,2:52:26,Colorado Mesa University
24,287067,Alex,JENSEN,Tampa,FL,2:52:27,King University
25,250197,David,DAWSON,Springfield,PA,2:52:30,Philadelphia University
26,366360,Sam,WAPLES,Spokane,WA,2:52:34,Western Washington University
27,276068,Brandon,MILET,Brevard,NC,2:52:46,Brevard College
28,272407,Timothy,KILLELEA,Chattanooga ,TN,2:52:46,King University
29,338692,Brandon,KNETTEL,Raleigh,NC,2:52:48,Lehigh University
30,368473,Jack,KISSEBERTH,Westhampton,MA,2:52:55,Tufts University
31,244581,Cullen,EASTER,Grand Junction,CO,2:53:07,Colorado Mesa University
32,395434,Daniel,DESOUZA,Kalispell,MT,2:55:29,US Naval Academy
33,394883,Nick,JOWSEY,Brevard,NC,2:56:16,Brevard College
34,316276,Andrew,AUSTIN,University Place,WA,2:56:17,Central Washington University
35,231748,Spencer,OSWALD,Dubuque,IA,2:59:29,Colorado Mesa University
36,325110,Timothy,JENKINSON,Mars Hill,NC,@1LAP,Mars Hill University
37,308534,Erik,LEVINSOHN,New Haven,CT,@1LAP,Yale University
38,231092,Will,GLEASON,Norwalk,CT,@1LAP,DePauw University
39,346110,Andrew,CADY,U S A F Academy,CO,@1LAP,US Air Force Academy
40,367978,Michael,SIMECEK,Kirkland,WA,@1LAP,Western Washington University
41,356102,Jeffrey,CLAUSE,San Jose,CA,@1LAP,Santa Clara University
42,374463,Daniel,LAZIER,La Canada,CA,@1LAP,Bucknell University
43,282272,Andrew,BAILEY,Piney Flats,TN,@1LAP,King University
44,316020,James,FOWLER,Keller,TX,@1LAP,Abilene Christian University
45,298571,Garrett,HANKINS,Carmichael,CA,@2LAP,Santa Clara University
46,262263,Ricardo,CREEL,Colorado Springs,CO,@2LAP,Boston College
47,413856,Mauro,RATO,Grand Junction,CO,@2LAP,Mars Hill University
48,306188,John,PRATT,South Lyon,MI,@2LAP,University of Notre Dame
49,368131,Garrett,BRAUN,U S A F Academy,CO,@2LAP,US Air Force Academy
50,235572,Nathaniel,MORSE,Cohasset,MA,@2LAP,Furman University
51,331166,Ben,BRADLEY,Plaquemine,LA,@3LAP,Tulane University of Louisiana
52,333612,Luke,OGDEN,Seattle,WA,@3LAP,Whitman College
53,395206,Ian,UMSTEAD,Murray,KY,@3LAP,Murray State University
54,365674,James,SNITZER,Boulder,CO,@3LAP,University of Notre Dame
55,318892,Alberto,SANTOSDAVIDSON,Walla Walla,WA,@3LAP,Whitman College
56,329626,Joseph,NEAR,Kensington,CA,@3LAP,Massachusetts Institute of Technology
57,387057,Brady,REED,Magnolia,TX,@3LAP,Baylor University
58,378706,Jonathan,YOUNGBLOOD,Amarillo,TX,@3LAP,Texas Christian University
59,309923,Zack,LAVERGNE,Littlerock,AR,@3LAP,Colorado Mesa University
60,211869,Eric,FISCHER,Williamsburg,VA,@3LAP,College of William and Mary
61,333934,Blake,ADAMS,Pigeon Forge,TN,@4LAP,King University
62,394962,David,BERG,Hanover,NH,@4LAP,Dartmouth College
63,423450,Gavyn,NERO,Waco,TX,@4LAP,Baylor University
64,259649,Joseph,WELSH,Cordova,TN,@4LAP,East Tennessee State University
65,313484,Samuel,COWANS,Philadelphia,PA,@4LAP,Bucknell University
66,390786,Nick,STROUD,Bremerton,WA,@4LAP,University of Idaho
67,359223,Daniel,BENOWITZ,Bellingham,WA,@4LAP,Western Washington University
68,280759,Zachary,VALDEZ,Hemet,CA,@4LAP,Brevard College
69,370557,Ben,WOOLSTON,Brighton,MA,@5LAP,Massachusetts Institute of Technology
70,240521,Matthew,GILBERT,Wakefield,RI,@5LAP,Middlebury College
71,299486,Jacob,MILLER,Berkeley,CA,@5LAP,Duke University
72,326136,Alex,BREAKSTONE,Westfield,NJ,@5LAP,Bucknell University
73,306154,Casey,STALLARD,Bristol,TN,@5LAP,East Tennessee State University
74,363257,Jake,BARKER,Steamboat Springs,CO,@5LAP,Middlebury College
75,334498,Alan,TAUSEND,Ft Worth,TX,@5LAP,Texas Christian University
76,234714,Taylor,SCHWARTZ,San Francisco,CA,@5LAP,Tufts University
77,395426,Anthony,BORREGO,Punta Gorda,FL,@5LAP,US Naval Academy
78,315400,Hunter,RESEK,East Dover,VT,@5LAP,Mars Hill University
79,305777,Noah,EPSTEIN,Andover,MA,@5LAP,Tufts University
80,299937,Caleb,WELBORN,Brevard,NC,@5LAP,Brevard College
81,368377,Kuat,YESSENOV,Somerville,MA,@5LAP,Massachusetts Institute of Technology
82,271559,Wyatt,BRIGGS,Thomasville,NC,@5LAP,Brevard College
83,359840,Luke,TILMANS,South Bend,IN,@5LAP,University of Notre Dame
84,304968,Travis,PEDLEY,Farmington,MN,@5LAP,University of Minnesota-Duluth
85,310212,Zachary,ISAACS,Oakland,CA,@5LAP,Middlebury College
86,370837,Edwin,SUPPLE,Golden,CO,@5LAP,Colorado School of Mines
87,231368,Jason Ian,STAMM,Cary,NC,@5LAP,Duke University
88,361711,Eric,GREGG,Boise,ID,@5LAP,University of Northern Colorado
89,393447,Alexander,FULTON,Durham,NC,@5LAP,Duke University
90,311143,Brian,CASE,Pittsford,NY,@5LAP,Bucknell University
91,288392,Zach,MANESS,Kingsport,TN,@5LAP,King University
92,367996,John,BUTLER,Watkinsville,GA,@5LAP,Mars Hill University
93,240094,Zachary,NAVE,Gray,TN,@5LAP,Milligan College
94,322560,Billy,RAYNOR,Wilmington,NC,@5LAP,University of North Carolina Wilmington
95,335682,Ryan,WIGG,Bellingham,WA,@5LAP,Western Washington University
DNS,297764,Patrick,DIAMOND,South Milwaukee,WI,,US Naval Academy
DNF,304958,Edward,KRONFLI,Santa Clara,CA,,Santa Clara University
DNF,310844,Brian,ELLISON,Chicago Heights,IL,,Adams State University
DNF,255729,Charlie,HOUGH,Travelers Rest,SC,,Furman University
DNF,247838,Thomas,BARNETT,Freehold,NJ,,Providence College
DNF,254864,Samuel,O'KEEFE,Breckenridge,CO,,Middlebury College
DNF,388796,Gabriel,ORTIZ,Dallas,TX,,Baylor University

05/04/2014 Road Race Men D1
Place,License #,First,Last,City,State,Time,Team
1,282590,Griffin,EASTER,Upland,CA,2:42:51,Fort Lewis College
2,327086,Tim,AIKEN,Stanford,CA,2:42:54,Stanford University
3,249618,Zack,NOONAN,Durango,CO,2:43:25,Fort Lewis College
4,257134,Joshua,JOHNSON,Fort Wayne,IN,2:43:26,Marian University
5,209193,Marcus,SMITH,Pleasanton,CA,2:43:26,University of California-Berkel
6,253558,Cory,SCOTT,Richmond,VA,2:43:26,Midwestern State University
7,266654,Johnathan,FRETER,Longmont,CO,2:43:27,Lindenwood University
8,261876,Andrew,DILLMAN,Fairdale,KY,2:43:28,Marian University
9,349270,Mitchell,SIDES,Magnolia,TX,2:43:32,The University of Texas at Aust
10,193035,Brandon,FEEHERY,Knoxville,TN,2:43:40,Lindenwood University
11,197984,Matthew,BRANDT,St Charles,MO,2:43:40,Lindenwood University
12,331782,Gabriel,BACA,Austin,TX,2:43:41,Midwestern State University
13,307756,Zeb,KING,Boone,NC,2:43:42,Appalachian State University
14,222320,Andreas,FREUND,Seattle,WA,2:43:42,University of California-Berkel
15,272809,Ricky,RANDALL,Highland Village ,TX,2:43:42,Midwestern State University
16,210225,Garrick,VALVERDE,Lawrence,KS,2:43:43,University of Kansas
17,280746,Rolly,WEAVER,Ormond Beach,FL,2:43:43,University of Florida
18,329332,Rory,JACK,Seattle,WA,2:43:44,University of Washington-Seattl
19,395771,Taylor,PEARMAN,Burke,VA,2:43:45,Virginia Polytechnic University
20,255870,Eric,STUBBS,Gainesville,FL,2:43:45,University of Florida
21,246447,Chris,JOHNSON,San Marcos,CA,2:43:45,University of California-San Di
22,370844,Hendra,PALISADES,Columbus,OH,2:43:46,Ohio State University
23,306183,Andrew,ULVESTAD,Solana Beach,CA,2:43:46,University of California-San Di
24,359399,Miles,HUBBARD,Wilkesboro,NC,2:43:46,Appalachian State University
25,395741,Renan,MAIA,Durango,CO,2:43:46,Fort Lewis College
26,292569,Matias,PERRET,Iowa City,IA,2:43:47,University of Iowa
27,227015,Daniel,WILLIAMS,Murphysboro,IL,2:43:49,Lindenwood University
28,271372,Jos,CHALMERS,Indian Harbour Beach,FL,2:43:51,Marian University
29,424151,Joel,FLETCHER,Portland,OR,2:43:51,Portland State University
30,274163,Daniel,KOSYKH,Davis,CA,2:43:51,University of California-Davis
31,287780,Taylor,WARREN,San Diego,CA,2:43:52,Colorado State University
32,399388,George,SIMPSON,Fort Collins,CO,2:43:52,Colorado State University
33,254092,Quinn,KEOGH,Portland,OR,2:43:52,University of Arizona
34,395387,Sean,GARDNER,Richmond,VA,2:43:54,Virginia Polytechnic University
35,173347,Derek,LAAN,Bloomington,IN,2:43:54,Indiana University-Bloomington
36,285633,Daniel,GEROW,Grosse Pointe,MI,2:43:58,Marian University
37,258299,Nicholas,NEWCOMB,Nicasio,CA,2:43:58,University of California-Santa
38,277734,Tanner,HURST,Gallatin,TN,2:43:59,Cumberland University
39,368403,Jamie,ANDERSON,Cincinnati,OH,2:43:59,University of Cincinnati
40,367217,Jake,COHEN,Goleta,CA,2:43:59,University of California-Santa
41,304444,Matthew,BRUNER,Davidson,NC,2:43:59,North Carolina State University
42,356634,Connor,BENTON,Oakland,CA,2:43:59,University of California-Berkel
43,224401,Steven,GORDON,Lexington,KY,2:44:00,University of Kentucky
44,393989,Robert,CHRISMAN,San Francisco,CA,2:44:01,The University of Texas at Aust
45,354762,Bryan,LEWIS,Charlottesville,VA,2:44:01,University of Virginia
46,374912,Michael,OLTMAN,Pittsburgh,PA,2:44:04,University of Pittsburgh
47,291819,Justin,LOWE,Greenville,SC,2:44:10,Lindsey Wilson College
48,346092,John,BECKER,Fortville,IN,2:44:18,Indiana University-Bloomington
49,224589,Colton,BARRETT,Indianapolis,IN,2:44:25,Marian University
50,279347,Max,THILEN,Weston,FL,2:44:26,Fort Lewis College
51,271420,Dean,HAAS,Lakewood,CO,2:44:27,Fort Lewis College
52,263324,Parker,KYZER,Spartanburg,SC,2:44:33,Clemson University
53,291477,Thomas,SCHUBERT,Lebanon,TN,2:44:33,Cumberland University
54,222322,Alexander,FREUND,Davis,CA,2:45:04,University of California-Berkel
55,385442,Natan,CAVALCA,Durango,CO,2:51:15,Fort Lewis College
56,282543,Christopher,CURRAN,Maryland Heights,MO,2:22:41,Lindenwood Univeristy
57,319214,Grant,KOONTZ,Spring,TX,2:22:42,Texas A & M University
58,339018,Luke,MOMPER,Fort Wayne,IN,2:22:42,Indiana University-Bloomington
59,307328,Brenden,HARDY,Iowa City,IA,2:22:43,University of Iowa
60,403731,Gavin,MURRAY,Sebastopol,CA,2:22:44,Columbia University-NYC
61,368618,Jacob,HENNINGSEN,Cincinnati,OH,2:22:49,University of Cincinnati
62,259050,Steven,KENDALL,Fairfax,VA,2:24:38,George Mason University
63,309610,Cole,LALOMIA,Portland,OR,2:26:15,Portland State University
64,274222,Bill,GOLEMBIESKI,Boulder,CO,2:26:48,University of Colorado Boulder
65,308924,Alexander,MARTIN,Madison,WI,2:26:49,University of Wisconsin-Madison
66,337132,Mark,SCHROEDER,Boulder,CO,2:26:53,Oregon State University
67,386123,Garrett,BROWN,Boulder,CO,2:26:53,University of Colorado Boulder
68,377671,Austin,ULICH,Athens,GA,2:27:30,University of Georgia
69,338628,Michael,NICHOLS,Fort Collins,CO,2:27:30,Colorado State University
70,282223,Brian,ARFMANN,Los Angeles,CA,2:27:37,Indiana University-Bloomington
71,320582,Matthew,ZIMMER,Dewitt ,IA,2:01:54,Lees-McRae College
72,394667,Christopher,REA,Simi Valley,CA,2:02:39,University of California-Santa
73,283386,Jeffrey,BUSCHECK,Davis,CA,2:05:56,University of California-Davis
74,281876,Brandon,FREYER,Brewster,NY,2:06:18,Appalachian State University
75,268729,David,NOVAK,Tunkhannock,PA,2:06:49,Lindsey Wilson College
76,272704,Julian,GEORG,Syracuse,NY,1:35:51,Syracuse University
77,275956,Elliot,HAWKES,Stanford,CA,1:36:01,Stanford University
78,344034,Brett,WACHTENDORF,Winooski,VT,1:36:17,Pennsylvania State University
79,237283,Joseph,IULIANO,Tucson,AZ,1:36:33,University of Arizona
80,298739,Eric,GIBBONS,Palo Alto,CA,1:36:47,Stanford University
81,382065,David,GREIF,Tucson,AZ,1:36:52,University of Arizona
82,245670,Jim,MADDOCK,South Berwick,ME,1:37:00,University of Washington-Seattl
83,337388,Bobby,LOZOYA,Santa Barbara,CA,1:37:00,University of California-Santa
84,274017,Andrew,HODGES,Suwanee,GA,1:37:05,Georgia Institute of Technology
85,352888,Wyatt,MYERS,Victorville,CA,1:37:39,Lindsey Wilson College
86,390357,Drew,LAWYER,Palo Alto ,CA,1:37:39,University of California-San Di
87,309324,Dominic,CAIAZZO,Bronx,NY,1:37:49,Northeastern University
88,352946,Forrest,HOWARD,Boone,NC,1:37:59,Appalachian State University
89,367178,Evan,LANG,Richmond,VA,1:38:05,Virginia Commonwealth Universit
90,333188,Christopher,JONES,Richmond,VA,1:38:05,Virginia Commonwealth Universit
91,332032,Bruno,SUTTLES,Napa,CA,1:38:59,University of California-Davis
92,236340,Cam,MANCUSO,Greentown,PA,1:39:06,Lees-McRae College
93,282547,Nathan,SPENCE,Auburn,AL,1:39:10,Auburn University
94,408355,Luke,CALDWELL,Birmingham,AL,1:39:12,Cumberland University
95,275075,Benjamin,GRIER,Grove City,OH,1:39:14,Clemson University
96,263406,Peter,GRAY,South Bend,IN,1:39:16,University of Washington-Seattl
97,321260,Connor,RYAN,Washington,DC,1:39:17,University of Pennsylvania
98,281816,Dylan,KNUTSON,Advance,NC,1:39:24,Lees-McRae College
99,394370,Abel,FERNANDEZ,Irvine,CA,1:40:40,University of California-Santa
100,243657,Anthony,CARFANG JR,Oklahoma City,OK,1:42:17,University of Colorado Boulder
101,267363,Justin,EVANS,Colorado Springs,CO,1:44:47,Appalachian State University
102,378722,Alexander,HERSHEY,Johnston,IA,1:12:12,Iowa State University
103,307552,Eric,LINK,College Park,MD,1:12:27,University of Maryland-College
104,379841,Spencer,KRUSE,Racine,WI,1:12:33,University of Wisconsin-Madison
105,382133,Mike,BETLEY,Mountain View,CA,1:12:33,Stanford University
106,340986,George,GARVICK,New Bern,NC,1:12:34,Appalachian State University
107,336388,Corey,DAVIS,Danville,VA,1:12:34,James Madison University
108,253956,Travis,MONROE,Coeur D&#39; Alene,ID,1:13:08,Lindsey Wilson College
109,298124,Joshua,JOHNSON,Cape Girardeau,MO,1:13:47,Lindenwood University
110,368638,Kyle,WALKER,Lubbock ,TX,1:14:01,Texas Tech University
111,375614,Jake,CONTOS,Albuquerque,NM,1:14:01,Texas Tech University
112,322744,Jacob,AMAN,San Diego,CA,1:14:02,University of California-Davis
113,359756,Cameron,BROWN,Littleton,CO,1:14:03,University of Colorado Boulder
114,264871,Gunnar,BERGEY,Banner Elk,NC,1:14:07,Lees-McRae College
115,344374,Zhaolong,WU,Corvallis,OR,1:14:07,Oregon State University
116,193722,Alexander,MEYER,Minneapolis,MN,1:14:10,University of Wisconsin-Madison
117,286566,Chas,MCFARLAND,Wheeling,WV,1:14:15,West Virginia University
118,297555,Christopher,MEACHAM,Mooresville,NC,1:14:20,Lees-McRae College
119,381818,Jose,AVILA,Miami,FL,1:14:28,Lees-McRae College
120,365793,Max,SILVERSTEIN,Stanford,CA,1:14:37,Stanford University
121,368815,Andrew,BAKER,Kennett Square,PA,1:14:38,University of Delaware
122,299938,Oliver,DONKERVOET,Winston Salem,NC,1:14:39,Virginia Polytechnic University
123,299663,Will,MASSEY,Blacksburg,VA,1:14:40,Virginia Polytechnic University
124,359256,Marcel,DAVIDSE,Boulder,CO,1:14:41,University of Colorado Boulder
125,287070,Nicholas,LUTHER,Greenville,SC,1:14:42,Clemson University
126,311527,Kenneth,MCNEILL,Rutland,VT,1:14:43,Northeastern University
127,385701,Gregory,SEYMOUR,Denver,CO,1:14:59,Colorado State University
128,404606,Ryan,COLLINS,Atlanta,GA,1:14:59,Georgia Institute of Technology
129,219998,Benjamin,STOVER,Lawrence,KS,1:16:17,University of Kansas
130,292434,Jacob,ABER,Blacksburg,VA,1:16:25,Virginia Polytechnic University
131,303015,Paul,DENTEL,Dallas,TX,1:16:45,University of Cincinnati
132,314892,Ford,MURPHY,Portsmouth,NH,1:18:08,Northeastern University
133,338118,Christian,DICENSO,Atlanta,GA,1:18:08,Georgia Institute of Technology
134,283449,Wesley,KLINE,Emmaus,PA,1:20:12,Pennsylvania State University
135,352740,Bryce,LOWREY,Hummelstown,PA,1:38:05,University of Virginia
136,323534,David,CARLSON,Boulder,CO,49:50,University of Arizona
137,273533,Arnaud,BORNER,Mountain View,CA,49:59,Pennsylvania State University
138,396034,Sean,MCINTYRE,State College,PA,50:22,Pennsylvania State University
139,306510,Brian,DECANN,Arlington,VA,50:27,West Virginia University
140,392836,Justin,RUNAC,La Jolla,CA,50:52,University of Florida
141,272798,Sean,BROWN,Burkburnett,TX,51:13,Midwestern State University
142,283300,R. Wilson,TARBOX IV,New York,NY,51:25,New York University
143,334178,Ahmed,ZUHAIRY,Arlington,VA,52:01,Portland State University
144,395012,Liam,AINSLIE,Decatur,GA,52:01,University of Georgia
145,366342,Daniel Caden,BURROSS,Austin,TX,52:32,Midwestern State University
146,222630,Nathan,DUGAN,Whitefish,MT,52:32,Columbia University-NYC
147,376222,Jacob,GLAHN,Lake Mills,WI,53:02,University of Iowa
148,341638,Corey,ANDERSON,State College,PA,53:07,Pennsylvania State University
149,280819,Jake,MCLAUGHLIN,Lyme,NH,54:23,University of Arizona
150,223962,Ben,EMMERT-ARONSON,Jamaica Plain,MA,54:53,Boston University
151,426305,Brian,ALBA,Plainsboro,NJ,57:11,Northeastern University
DNS,319542,Matt,BROPHY,Macedon,NY,,Lindenwood University
DNS,393753,Samuel,CROFT,Wichita Falls,TX,,Midwestern State University
DNS,393575,Max,RICH,Tucson,AZ,,University of Arizona
DNS,366846,Samuel,WRIGHT,Mount Vernon,OH,,Miami University-Oxford
DNS,255722,Tony,SIGRIST,Tallahassee,FL,,University of Central Florida
DNF,337040,Stephan,HIRSCH,Oklahoma City,OK,,Marian University
DNF,292885,Jason,RYAN,Mountain View,CA,,Stanford University
DNF,313408,Sebastian,MORFIN,Weston,FL,,University of Florida
DNF,350750,Cory,SMALL,Boxborough,MA,,University of Vermont
DNF,311078,Lucas,ELMS,Colorado Springs,CO,,Colorado State University
DNF,303139,Zachary,JABIN,Salem,OR,,Oregon State University
DNF,219706,Adam,HODES,San Francisco,CA,,Boston University
DNF,354006,David,VILLARI,Wayland,MA,,Boston University
DNF,332188,Alex,KELLUM,Philadelphia,PA,,Clemson University
DNF,226312,Logan,LUKER,Lebanon,TN,,Cumberland University
DNF,205779,Luke,LUKAS,Columbia,KY,,Lindsey Wilson College
DNF,378679,Christopher,TVETER,Derry,NH,,Lindsey Wilson College
DNF,336890,Daniel,ZITTER,Costa Mesa,CA,,University of California-San Di
DNF,309141,Jonathan,PENALOZA,Sacramento,CA,,University of California-Davis
DNF,331830,Kevin,VANGUNDY,Fresno,CA,,University of California-Davis

05/04/2014 Road Race Men D1 Nationals RR
Place,License #,First,Last,City,State,Time,Team
1,282590,Griffin,Easter,Upland,CA,,Fort Lewis College
2,327086,Tim,Aiken,Stanford,CA,,Stanford University
3,249618,Zack,Noonan,Durango,CO,,Fort Lewis College
4,257134,Joshua,Johnson,Fort Wayne,IN,,Marian University
5,209193,Marcus,Smith,Pleasanton,CA,,University of California-Berkeley
6,253558,Cory,Scott,Richmond,VA,,Midwestern State University
7,266654,Johnathan,Freter,Longmont,CO,,Lindenwood University
8,261876,Andrew,Dillman,Fairdale,KY,,Marian University
9,349270,Mitchell,Sides,Magnolia,TX,,The University of Texas at Austin
10,193035,Brandon,Feehery,Knoxville,TN,,Lindenwood University
11,197984,Matthew,Brandt,St Charles,MO,,Lindenwood University
12,331782,Gabriel,Baca,Austin,TX,,Midwestern State University
13,307756,Zeb,King,Boone,NC,,Appalachian State University
14,222320,Andreas,Freund,Seattle,WA,,University of California-Berkeley
15,272809,Ricky,Randall,Highland Village ,TX,,Midwestern State University
16,210225,Garrick,Valverde,Lawrence,KS,,University of Kansas
17,280746,Rolly,Weaver,Ormond Beach,FL,,University of Florida
18,329332,Rory,Jack,Seattle,WA,,University of Washington-Seattle
19,395771,Taylor,Pearman,Burke,VA,,Virginia Polytechnic University
20,255870,Eric,Stubbs,Gainesville,FL,,University of Florida
21,246447,Chris,Johnson,San Marcos,CA,,University of California-San Diego
22,370844,Hendra,Palisades,Columbus,OH,,Ohio State University
23,306183,Andrew,Ulvestad,Solana Beach,CA,,University of California-San Diego
24,359399,Miles,Hubbard,Wilkesboro,NC,,Appalachian State University
25,395741,Renan,Maia,Durango,CO,,Fort Lewis College
26,292569,Matias,Perret,Iowa City,IA,,University of Iowa
27,227015,Daniel,Williams,Murphysboro,IL,,Lindenwood University
28,271372,Jos,Chalmers,Indian Harbour Beach,FL,,Marian University
29,424151,Joel,Fletcher,Portland,OR,,Portland State University
30,274163,Daniel,Kosykh,Davis,CA,,University of California-Davis
31,287780,Taylor,Warren,San Diego,CA,,Colorado State University
32,399388,George,Simpson,Fort Collins,CO,,Colorado State University
33,254092,Quinn,Keogh,Portland,OR,,University of Arizona
34,395387,Sean,Gardner,Richmond,VA,,Virginia Polytechnic University
35,173347,Derek,Laan,Bloomington,IN,,Indiana University-Bloomington
36,285633,Daniel,Gerow,Grosse Pointe,MI,,Marian University
37,258299,Nicholas,Newcomb,Nicasio,CA,,University of California-Santa Cruz
38,277734,Tanner,Hurst,Gallatin,TN,,Cumberland University
39,368403,Jamie,Anderson,Cincinnati,OH,,University of Cincinnati
40,367217,Jake,Cohen,Goleta,CA,,University of California-Santa Barbara
41,304444,Matthew,Bruner,Davidson,NC,,North Carolina State University at Raleigh
42,356634,Connor,Benton,Oakland,CA,,University of California-Berkeley
43,224401,Steven,Gordon,Lexington,KY,,University of Kentucky
44,393989,Robert,Chrisman,San Francisco,CA,,The University of Texas at Austin
45,354762,Bryan,Lewis,Charlottesville,VA,,University of Virginia
46,374912,Michael,Oltman,Pittsburgh,PA,,University of Pittsburgh
47,291819,Justin,Lowe,Greenville,SC,,Lindsey Wilson College
48,346092,John,Becker,Fortville,IN,,Indiana University-Bloomington
49,224589,Colton,Barrett,Indianapolis,IN,,Marian University
50,279347,Max,Thilen,Weston,FL,,Fort Lewis College
51,271420,Dean,Haas,Lakewood,CO,,Fort Lewis College
52,263324,Parker,Kyzer,Spartanburg,SC,,Clemson University
53,291477,Thomas,Schubert,Lebanon,TN,,Cumberland University

05/04/2014 Road Race Women D2
Place,License #,First,Last,City,State,Time,Team
1,307916,Allison,ARENSMAN,Brevard,NC,2:13:09,Brevard College
2,366036,Adelaide,TILLINGHAST,Arvada,CO,2:13:09,American University
3,397217,Monica,VOLK,Kempton,PA,2:13:09,Penn State-Lehigh Valley
4,394186,Michelle,KHARE,Shreveport,LA,2:13:10,Dartmouth College
5,361078,Jasmine,HANSEN,Grimes,IA,2:13:10,US Air Force Academy
6,306824,Shaena,BERLIN,Millbrae,CA,2:13:10,Massachusetts Institute of Tech
7,360232,Lexie,MILLARD,Monument,CO,2:13:11,Colorado Mesa University
8,368370,Tate,DEVLIN,Mount Vernon,OH,2:13:11,University of North Carolina Wi
9,414385,Ariane,HORBACH,Grand Junction,CO,2:18:43,Colorado Mesa University
10,229080,Elspeth,HUYETT,Alburtis,PA,2:18:44,Kutztown University of Pennsylv
11,381993,Solymar,RIVERA,Dallas,TX,2:18:44,University of Puerto Rico-Rio P
12,340936,Leslie,LUPIEN,Enfield,NH,2:18:44,Dartmouth College
13,181367,Danielle,HAULMAN,Davis,CA,2:18:44,Golden Gate University
14,359128,Allison,JONES,Raleigh,NC,2:18:44,Warren Wilson College
15,281672,Bailey,SEMIAN,Mertztown,PA,2:18:44,Kutztown University of Pennsylv
16,350474,Kaysee,ARMSTRONG,Knoxville,TN,2:18:45,King University
17,370032,Frances,STEEN,Providence,RI,2:18:46,Brown University
18,334726,Rachel,GEITER,Milwaukie,OR,2:18:47,Whitman College
19,413577,Caitlin,SULLIVAN,U S A F Academy,CO,2:18:47,US Air Force Academy
20,288099,Stephanie,CUCAZ,Johnson City,TN,@1LAP,Milligan College
21,386021,Katherine,WYMBS,San Pedro,CA,@1LAP,Massachusetts Institute of Tech
22,305828,Ariana,DITTMER,Grand Junction,CO,@1LAP,Colorado Mesa University
23,340844,Jennifer,WILSON,Cambridge,MA,@1LAP,Massachusetts Institute of Tech
24,252583,Rose,LONG,Ny,NY,@1LAP,Icahn School of Medicine at Mou
25,387014,Sarah,HILL,Brevard,NC,@1LAP,Brevard College
26,422555,Corey,TUCKER,Somerville,MA,@1LAP,Massachusetts Institute of Tech
27,366740,Gina,TURRINI,Durham,NC,@1LAP,Duke University
28,289625,Anne,GERARD,Indianapolis,IN,@1LAP,Butler University
29,368373,Travis,RABBIT,Pittsburgh,PA,@1LAP,Yale University
30,293174,Katy,APPLIN,Winston-salem,NC,@1LAP,Wake Forest University
31,390026,Dessie,WEIGEL,Walla Walla,WA,@1LAP,Whitman College
32,514221,Catherine,HARNDEN,,,@2LAP,Mars Hill University
33,394595,Becky,JOHNSON,Chapel Hill,NC,@2LAP,Duke University
34,390174,Hanna,LAUTERBACH,Troy,NY,@2LAP,Rensselaer Polytechnic Institut
35,411282,Stephanie,OGIER,Durango,CO,@2LAP,Saint Olaf College
36,394479,Emily,GOTZSCHE,Northfield,MN,@2LAP,Saint Olaf College
37,218847,Nicole,MIRANDA,Valley City,OH,@2LAP,Brevard College
38,418478,Nina,HOLBROOKS,Olympia,WA,@2LAP,Western Washington University
39,413867,Danielle,CLARK,Greenville,SC,@2LAP,Furman University
40,336622,Shannon,DAUGHTREY,Edmonds,WA,@2LAP,Western Washington University
41,365847,Anna,LUCKOW,Minneapolis,MN,@2LAP,Saint Olaf College
42,395102,Casey,THOMPSON,Alexandria,VA,@2LAP,College of William and Mary
DNF,401270,Jennfier,CAICEDO,Greenville,SC,,King University

05/04/2014 Road Race Women D2 Nationals RR
Place,License #,First,Last,City,State,Time,Team
1,307916,Allison,ARENSMAN,Brevard,NC,2:13:09,Brevard College
2,366036,Adelaide,TILLINGHAST,Arvada,CO,2:13:09,American University
3,397217,Monica,VOLK,Kempton,PA,2:13:09,Penn State-Lehigh Valley
4,394186,Michelle,KHARE,Shreveport,LA,2:13:10,Dartmouth College
5,361078,Jasmine,HANSEN,Grimes,IA,2:13:10,US Air Force Academy
6,306824,Shaena,BERLIN,Millbrae,CA,2:13:10,Massachusetts Institute of Technology
7,360232,Lexie,MILLARD,Monument,CO,2:13:11,Colorado Mesa University
8,368370,Tate,DEVLIN,Mount Vernon,OH,2:13:11,University of North Carolina Wilmington
9,414385,Ariane,HORBACH,Grand Junction,CO,2:18:43,Colorado Mesa University
10,229080,Elspeth,HUYETT,Alburtis,PA,2:18:44,Kutztown University of Pennsylvania
11,381993,Solymar,RIVERA,Dallas,TX,2:18:44,University of Puerto Rico-Rio Piedras
12,340936,Leslie,LUPIEN,Enfield,NH,2:18:44,Dartmouth College
13,181367,Danielle,HAULMAN,Davis,CA,2:18:44,Golden Gate University
14,359128,Allison,JONES,Raleigh,NC,2:18:44,Warren Wilson College
15,281672,Bailey,SEMIAN,Mertztown,PA,2:18:44,Kutztown University of Pennsylvania
16,350474,Kaysee,ARMSTRONG,Knoxville,TN,2:18:45,King University
17,370032,Frances,STEEN,Providence,RI,2:18:46,Brown University
18,334726,Rachel,GEITER,Milwaukie,OR,2:18:47,Whitman College
19,413577,Caitlin,SULLIVAN,U S A F Academy,CO,2:18:47,US Air Force Academy
20,288099,Stephanie,CUCAZ,Johnson City,TN,@1LAP,Milligan College
21,386021,Katherine,WYMBS,San Pedro,CA,@1LAP,Massachusetts Institute of Technology
22,305828,Ariana,DITTMER,Grand Junction,CO,@1LAP,Colorado Mesa University
23,340844,Jennifer,WILSON,Cambridge,MA,@1LAP,Massachusetts Institute of Technology
24,252583,Rose,LONG,Ny,NY,@1LAP,Icahn School of Medicine at Mou
25,387014,Sarah,HILL,Brevard,NC,@1LAP,Brevard College
26,422555,Corey,TUCKER,Somerville,MA,@1LAP,Massachusetts Institute of Technology
27,366740,Gina,TURRINI,Durham,NC,@1LAP,Duke University
28,289625,Anne,GERARD,Indianapolis,IN,@1LAP,Butler University
29,368373,Travis,RABBIT,Pittsburgh,PA,@1LAP,Yale University
30,293174,Katy,APPLIN,Winston-salem,NC,@1LAP,Wake Forest University
31,390026,Dessie,WEIGEL,Walla Walla,WA,@1LAP,Whitman College
32,514221,Catherine,HARNDEN,,,@2LAP,Mars Hill University
33,394595,Becky,JOHNSON,Chapel Hill,NC,@2LAP,Duke University
34,390174,Hanna,LAUTERBACH,Troy,NY,@2LAP,Rensselaer Polytechnic Institute
35,411282,Stephanie,OGIER,Durango,CO,@2LAP,Saint Olaf College
36,394479,Emily,GOTZSCHE,Northfield,MN,@2LAP,Saint Olaf College
37,218847,Nicole,MIRANDA,Valley City,OH,@2LAP,Brevard College
38,418478,Nina,HOLBROOKS,Olympia,WA,@2LAP,Western Washington University
39,413867,Danielle,CLARK,Greenville,SC,@2LAP,Furman University
40,336622,Shannon,DAUGHTREY,Edmonds,WA,@2LAP,Western Washington University
41,365847,Anna,LUCKOW,Minneapolis,MN,@2LAP,Saint Olaf College
42,395102,Casey,THOMPSON,Alexandria,VA,@2LAP,College of William and Mary
DNS,367737,Mackenzie,PAUL,U S A F Academy,CO,,US Air Force Academy
DNF,401270,Jennfier,CAICEDO,Greenville,SC,,King University

05/04/2014 Road Race Women D1
Place,License #,First,Last,City,State,Time,Team
1,207432,Coryn,RIVERA,Tustin,CA,2:13:10,Marian University
2,291607,Allie,DRAGOO,Grand Rapids,MI,2:13:31,Marian University
3,225342,Jessica,PRINNER,South Elgin,IL,2:15:07,Midwestern State University
4,228010,Judith,WEXLER,Davis,CA,2:15:08,University of California-Davis
5,273047,Lenore,PIPES,Ithaca,NY,2:15:09,Cornell University
6,406382,Lelah,OSHAUGHNESSY,Portland,OR,2:16:22,Portland State University
7,325094,Sara,BIRD,Los Altos,CA,2:16:22,Stanford University
8,272896,Cinthia,LEHNER,Greer,SC,2:16:23,Appalachian State University
9,338822,Nina,LAUGHLIN,Brevard,NC,2:16:23,Appalachian State University
10,405608,Lindsey,RYDER,Peoria,AZ,2:16:23,Arizona State University
11,390227,Diane,MOUG,Davis,CA,2:16:24,University of California-Davis
12,367331,Erica,GREIF,Reno,NV,2:16:24,University of Nevada-Reno
13,285638,Cecilia,DAVISHAYES,New York,NY,2:16:24,Columbia University-NYC
14,251058,Amber,VREDENBURG,Austin,TX,2:16:24,Lindenwood University
15,353448,Corrie,KARAS,Rochester Hills ,MI,2:16:32,Marian University
16,256409,Amy,CHANDOS,Flagstaff,AZ,2:16:33,Northern Arizona University
17,293271,Susannah,NELSON,Portland,OR,2:16:34,Portland State University
18,394723,Jenna,MACPHERSON,Durango,CO,2:16:34,Fort Lewis College
19,418564,Sara,ENDERS,Sacramento,CA,2:16:34,University of California-Davis
20,220875,Emily,SHIELDS,Advance,NC,2:16:34,Lees-McRae College
21,220876,Katherine,SHIELDS,Advance,NC,2:16:43,Lees-McRae College
22,314836,Emily,ELBERS,Syracuse,NY,2:16:55,Marian University
23,424981,Megan,NORTHEY,Brier,WA,2:16:56,University of Delaware
24,440050,Nicolle,BRUDERER,Boulder,CO,2:17:03,University of Colorado Boulder
25,292420,Eileen,MAZZOCHETTE,Menlo Park,CA,2:17:04,Stanford University
26,377467,Riley,MISSEL,Grand Haven,MI,2:17:04,Marian University
27,367007,Holly,BEARD,Boca Raton,FL,2:17:04,University of Florida
28,375627,Tess,SENTY,Cambridge,OH,2:17:04,West Virginia University
29,358050,Grace,CHAPPELL,Austin,TX,2:17:05,University of North Carolina at
30,291263,Sabrina,DAVID,Boulder,CO,2:17:05,University of Colorado Boulder
31,365844,Marissa,FERRANTE,Aptos,CA,2:17:05,Stanford University
32,339392,Alena,PUGACHEVA,Dallas,TX,2:17:05,Virginia Commonwealth Universit
33,270694,Lindsey,DURST,Kirkwood,MO,2:17:17,Lindenwood University
34,269772,Stephanie,TORRES,East Elmhurst,NY,2:17:24,Marian University
35,358741,Yesica,MENDOZA,Saint Charles,MO,2:17:46,Lindenwood University
36,366517,Reiley,PANKRATZ,Mesa,AZ,2:17:50,Arizona State University
37,400535,Marisa,RORABAUGH,Boulder,CO,2:18:11,University of Vermont
38,411180,Sydney,EDMONSON,Edwards,CO,2:18:33,Fort Lewis College
39,364751,Caroline,ACKLEY,Goleta Ca,CA,2:19:17,University of California-Santa
40,399630,Michelle,HEDRICH,Clearwater,FL,2:19:42,University of Florida
41,308837,Natalie,SMITH,San Antonio ,TX,2:20:06,Purdue University
42,422662,Diana,NELSON,Gainesville,FL,2:20:44,University of Florida
43,399987,Annelaure,CUVILLIEZ,Portola Valley,CA,2:21:03,Stanford University
44,338062,Anastasia,YANCHILINA,New York,NY,2:21:10,Columbia University-NYC
45,334082,Ashley,WEAVER,St. Charles ,MO,2:21:12,Midwestern State University
46,332624,Sofia,GOMEZ VILLAFANE,Durango,CO,2:21:31,Fort Lewis College
47,399863,Judah,SENCENBAUGH,Toccoa,GA,2:21:40,Iowa State University
48,291028,Page,ROBERTSON,Oakland,CA,2:26:09,Lees-McRae College
49,412973,Maddie,CHAVES,Ashland,OR,@1LAP,Fort Lewis College
50,395130,Melanie,BEALE,Boulder,CO,@1LAP,Colorado State University
51,338448,Kira,MAICKE,Western Springs,IL,@1LAP,University of Georgia
52,398132,Allison,ALTERMAN,Tucson,AZ,@1LAP,University of Arizona
53,262452,Ivie,CRAWFORD,Bayfield,CO,@1LAP,Fort Lewis College
54,396612,Maureen,GRIBB,Lansdale,PA,@1LAP,Drexel University
55,414071,Madeleine,STEELE,Wichita Falls,TX,@2LAP,Midwestern State University
56,396601,Emily,COX,Atlanta,GA,@2LAP,University of Georgia
57,303507,Rosalyn,ZYLKOWSKI,Seatac,WA,@2LAP,Washington State University
58,393079,Diane,ZAIDA,Seattle,WA,@2LAP,University of Washington-Seattl
59,349654,Robin,HACKERCARY,Boulder,CO,@2LAP,University of Colorado Boulder
60,260785,Jacqueline,DENNY,Liberty,MO,@2LAP,Lindenwood University
61,200614,Hannah,HAYDUK,Columbia,KY,@2LAP,Lindsey Wilson College
62,394435,Madeline,BUTTON,Fairbanks,AK,@2LAP,Colorado State University
63,375080,Katie,CARTEE,Anchorage,AK,@2LAP,University of Colorado Boulder
64,299236,Erin,DONOHUE,Norwich,VT,@2LAP,Lees-McRae College
65,393246,Stefanie,SICHLER,Phoenix,AZ,@2LAP,Arizona State University
67,304266,Ashley,RETHEMEYER,Hermann,MO,@3LAP,Lindenwood University
68,392098,Sarah,MUENCH,Phoenix,AZ,@3LAP,Arizona State University
69,359346,Jessica,BOBECK,Albuquerque,NM,@3LAP,University of Colorado Boulder
DNS,367737,Mackenzie,PAUL,U S A F Academy,CO,,US Air Force Academy
DQ,368127,Amelia,CHRISTENSEN,Sunnyvale,CA,,Stanford University
DNF,388123,Emily,HUEBNER,Seattle,WA,,University of Washington-Seattl
DNF,369664,Jess,BUNCHEK,Valparaiso,IN,,Purdue University

05/04/2014 Road Race Women D1 Nationals RR
Place,License #,First,Last,City,State,Time,Team
1,207432,Coryn,RIVERA,Tustin,CA,2:13:10,Marian University
2,291607,Allie,DRAGOO,Grand Rapids,MI,2:13:31,Marian University
3,225342,Jessica,PRINNER,South Elgin,IL,2:15:07,Midwestern State University
4,228010,Judith,WEXLER,Davis,CA,2:15:08,University of California-Davis
5,273047,Lenore,PIPES,Ithaca,NY,2:15:09,Cornell University
6,406382,Lelah,OSHAUGHNESSY,Portland,OR,2:16:22,Portland State University
7,325094,Sara,BIRD,Los Altos,CA,2:16:22,Stanford University
8,272896,Cinthia,LEHNER,Greer,SC,2:16:23,Appalachian State University
9,338822,Nina,LAUGHLIN,Brevard,NC,2:16:23,Appalachian State University
10,405608,Lindsey,RYDER,Peoria,AZ,2:16:23,Arizona State University
11,390227,Diane,MOUG,Davis,CA,2:16:24,University of California-Davis
12,367331,Erica,GREIF,Reno,NV,2:16:24,University of Nevada-Reno
13,285638,Cecilia,DAVISHAYES,New York,NY,2:16:24,Columbia University-NYC
14,251058,Amber,VREDENBURG,Austin,TX,2:16:24,Lindenwood University
15,353448,Corrie,KARAS,Rochester Hills ,MI,2:16:32,Marian University
16,256409,Amy,CHANDOS,Flagstaff,AZ,2:16:33,Northern Arizona University
17,293271,Susannah,NELSON,Portland,OR,2:16:34,Portland State University
18,394723,Jenna,MACPHERSON,Durango,CO,2:16:34,Fort Lewis College
19,418564,Sara,ENDERS,Sacramento,CA,2:16:34,University of California-Davis
20,220875,Emily,SHIELDS,Advance,NC,2:16:34,Lees-McRae College
21,220876,Katherine,SHIELDS,Advance,NC,2:16:43,Lees-McRae College
22,314836,Emily,ELBERS,Syracuse,NY,2:16:55,Marian University
23,424981,Megan,NORTHEY,Brier,WA,2:16:56,University of Delaware
24,440050,Nicolle,BRUDERER,Boulder,CO,2:17:03,University of Colorado Boulder
25,292420,Eileen,MAZZOCHETTE,Menlo Park,CA,2:17:04,Stanford University
26,377467,Riley,MISSEL,Grand Haven,MI,2:17:04,Marian University
27,367007,Holly,BEARD,Boca Raton,FL,2:17:04,University of Florida
28,375627,Tess,SENTY,Cambridge,OH,2:17:04,West Virginia University
29,358050,Grace,CHAPPELL,Austin,TX,2:17:05,University of North Carolina at Chapel Hill
30,291263,Sabrina,DAVID,Boulder,CO,2:17:05,University of Colorado Boulder
31,365844,Marissa,FERRANTE,Aptos,CA,2:17:05,Stanford University
32,339392,Alena,PUGACHEVA,Dallas,TX,2:17:05,Virginia Commonwealth University
33,270694,Lindsey,DURST,Kirkwood,MO,2:17:17,Lindenwood University
34,269772,Stephanie,TORRES,East Elmhurst,NY,2:17:24,Marian University
35,358741,Yesica,MENDOZA,Saint Charles,MO,2:17:46,Lindenwood University
36,366517,Reiley,PANKRATZ,Mesa,AZ,2:17:50,Arizona State University
37,400535,Marisa,RORABAUGH,Boulder,CO,2:18:11,University of Vermont
38,411180,Sydney,EDMONSON,Edwards,CO,2:18:33,Fort Lewis College
39,364751,Caroline,ACKLEY,Goleta Ca,CA,2:19:17,University of California-Santa
40,399630,Michelle,HEDRICH,Clearwater,FL,2:19:42,University of Florida
41,308837,Natalie,SMITH,San Antonio ,TX,2:20:06,Purdue University
42,422662,Diana,NELSON,Gainesville,FL,2:20:44,University of Florida
43,399987,Annelaure,CUVILLIEZ,Portola Valley,CA,2:21:03,Stanford University
44,338062,Anastasia,YANCHILINA,New York,NY,2:21:10,Columbia University-NYC
45,334082,Ashley,WEAVER,St. Charles ,MO,2:21:12,Midwestern State University
46,332624,Sofia,GOMEZ VILLAFANE,Durango,CO,2:21:31,Fort Lewis College
47,399863,Judah,SENCENBAUGH,Toccoa,GA,2:21:40,Iowa State University
48,291028,Page,ROBERTSON,Oakland,CA,2:26:09,Lees-McRae College
49,412973,Maddie,CHAVES,Ashland,OR,@1LAP,Fort Lewis College
50,395130,Melanie,BEALE,Boulder,CO,@1LAP,Colorado State University
51,338448,Kira,MAICKE,Western Springs,IL,@1LAP,University of Georgia
52,398132,Allison,ALTERMAN,Tucson,AZ,@1LAP,University of Arizona
53,262452,Ivie,CRAWFORD,Bayfield,CO,@1LAP,Fort Lewis College
54,396612,Maureen,GRIBB,Lansdale,PA,@1LAP,Drexel University
55,414071,Madeleine,STEELE,Wichita Falls,TX,@2LAP,Midwestern State University
56,396601,Emily,COX,Atlanta,GA,@2LAP,University of Georgia
57,303507,Rosalyn,ZYLKOWSKI,Seatac,WA,@2LAP,Washington State University
58,393079,Diane,ZAIDA,Seattle,WA,@2LAP,University of Washington-Seattle
59,349654,Robin,HACKERCARY,Boulder,CO,@2LAP,University of Colorado Boulder
60,260785,Jacqueline,DENNY,Liberty,MO,@2LAP,Lindenwood University
61,200614,Hannah,HAYDUK,Columbia,KY,@2LAP,Lindsey Wilson College
62,394435,Madeline,BUTTON,Fairbanks,AK,@2LAP,Colorado State University
63,375080,Katie,CARTEE,Anchorage,AK,@2LAP,University of Colorado Boulder
64,299236,Erin,DONOHUE,Norwich,VT,@2LAP,Lees-McRae College
65,393246,Stefanie,SICHLER,Phoenix,AZ,@2LAP,Arizona State University
67,304266,Ashley,RETHEMEYER,Hermann,MO,@3LAP,Lindenwood University
68,392098,Sarah,MUENCH,Phoenix,AZ,@3LAP,Arizona State University
69,359346,Jessica,BOBECK,Albuquerque,NM,@3LAP,University of Colorado Boulder
DNS,367737,Mackenzie,PAUL,U S A F Academy,CO,,US Air Force Academy
DQ,368127,Amelia,CHRISTENSEN,Sunnyvale,CA,,Stanford University
DNF,388123,Emily,HUEBNER,Seattle,WA,,University of Washington-Seattle
DNF,369664,Jess,BUNCHEK,Valparaiso,IN,,Purdue University

05/03/2014 Criterium Men D2 Nationals Crit
Place,License #,First,Last,City,State,Time,Team
1,255729,Charlie,HOUGH,Travelers Rest,SC,1:12:32,Furman University
2,325110,Timothy,JENKINSON,Mars Hill,NC,1:12:33,Mars Hill University
3,298571,Garrett,HANKINS,Carmichael,CA,1:13:01,Santa Clara University
4,372580,Brad,NEAGOS,Grand Rapids,MI,1:13:01,University of Denver
5,324128,Stephen,VOGEL,San Jose,CA,1:13:01,Wake Forest University
6,310844,Brian,ELLISON,Chicago Heights,IL,1:13:01,Adams State University
7,177959,Morgan,RYAN,Grand Junction,CO,1:13:01,Colorado Mesa University
8,287067,Alex,JENSEN,Tampa,FL,1:13:01,King University
9,298437,Nolan,TANKERSLEY,Erwin ,TN,1:13:02,Milligan College
10,273689,Cole,ARCHAMBAULT,Northampton ,MA,1:13:02,Tufts University
11,405612,Craig,RICHEY,,,1:13:02,Bentley University
12,259649,Joseph,WELSH,Cordova,TN,1:13:02,East Tennessee State University
13,247368,Lewis,GAFFNEY,Raleigh ,NC,1:13:03,Brevard College
14,299937,Caleb,WELBORN,Brevard,NC,1:13:03,Brevard College
15,235572,Nathaniel,MORSE,Cohasset,MA,1:13:03,Furman University
16,247838,Thomas,BARNETT,Freehold,NJ,1:13:03,Providence College
17,244581,Cullen,EASTER,Grand Junction,CO,1:13:03,Colorado Mesa University
18,300855,Kai,WIGGINS,Washington,DC,1:13:04,Middlebury College
19,296754,Stefan,ZAVISLAN,Los Angeles,CA,1:13:04,US Air Force Academy
20,424712,Alexis,CARTIER,Moscow,ID,1:13:04,University of Idaho
21,368473,Jack,KISSEBERTH,Westhampton,MA,1:13:04,Tufts University
22,254864,Samuel,O'KEEFE,Breckenridge,CO,1:13:04,Middlebury College
23,288750,Samuel,PHILLIPS,Grand Junction,CO,1:13:04,Colorado Mesa University
24,366124,Stephen,CABEBE,San Jose,CA,1:13:05,Santa Clara University
25,126190,Brian,DZIEWA,Saint Louis,MO,1:13:07,Saint Louis University
26,299925,Chad,CAPOBIANCO,Watkinsville,GA,1:13:10,Mars Hill University
27,337398,Zachary,ULISSI,Millbrae,CA,1:13:19,Massachusetts Institute of Technology
28,359840,Luke,TILMANS,South Bend,IN,1:13:31,University of Notre Dame
29,306188,John,PRATT,South Lyon,MI,,University of Notre Dame
30,276068,Brandon,MILET,Brevard,NC,,Brevard College
31,394883,Nick,JOWSEY,Brevard,NC,,Brevard College
32,231092,Will,GLEASON,Norwalk,CT,,DePauw University
33,309923,Zack,LAVERGNE,Littlerock,AR,,Colorado Mesa University
34,393447,Alexander,FULTON,Durham,NC,,Duke University
35,282272,Andrew,BAILEY,Piney Flats,TN,,King University
36,394495,Ty,MECHLING,Annapolis,MD,,US Naval Academy
37,250197,David,DAWSON,Springfield,PA,,Philadelphia University
38,346110,Andrew,CADY,U S A F Academy,CO,,US Air Force Academy
39,263165,Kaleb,NAEGELI,Durham,NC,,Duke University
40,368131,Garrett,BRAUN,U S A F Academy,CO,,US Air Force Academy
41,363257,Jake,BARKER,Steamboat Springs,CO,,Middlebury College
42,272407,Timothy,KILLELEA,Chattanooga ,TN,,King University
43,413856,Mauro,RATO,Grand Junction,CO,,Mars Hill University
44,359925,Max,RUSCH,Golden,CO,,Rensselaer Polytechnic Institute
45,338692,Brandon,KNETTEL,Raleigh,NC,,Lehigh University
46,316020,James,FOWLER,Keller,TX,,Abilene Christian University
47,265979,E. Julian,CABRA,Greenville,SC,,King University
48,374463,Daniel,LAZIER,La Canada,CA,,Bucknell University
49,258043,Eoin,MCDONNELL,Chapel Hill,NC,,Duke University
50,394962,David,BERG,Hanover,NH,,Dartmouth College
51,211869,Eric,FISCHER,Williamsburg,VA,,College of William and Mary
52,333612,Luke,OGDEN,Seattle,WA,,Whitman College
53,316276,Andrew,AUSTIN,University Place,WA,,Central Washington University
54,370837,Edwin,SUPPLE,Golden,CO,,Colorado School of Mines
55,367978,Michael,SIMECEK,Kirkland,WA,,Western Washington University
56,356102,Jeffrey,CLAUSE,San Jose,CA,,Santa Clara University
57,262263,Ricardo,CREEL,Colorado Springs,CO,,Boston College
58,334498,Alan,TAUSEND,Ft Worth,TX,,Texas Christian University
59,223721,Matthew,HOWE,Raleigh,NC,,Duke University
60,322560,Billy,RAYNOR,Wilmington,NC,,University of North Carolina Wilmington
61,279771,Spencer,SCHABER,Saint Louis Park,MN,,Massachusetts Institute of Technology
62,318892,Alberto,SANTOSDAVIDSON,Walla Walla,WA,,Whitman College
63,395206,Ian,UMSTEAD,Murray,KY,,Murray State University
64,365674,James,SNITZER,Boulder,CO,,University of Notre Dame
65,306154,Casey,STALLARD,Bristol,TN,,East Tennessee State University
66,366360,Sam,WAPLES,Spokane,WA,,Western Washington University
67,388796,Gabriel,ORTIZ,Dallas,TX,,Baylor University
68,313484,Samuel,COWANS,Philadelphia,PA,,Bucknell University
69,390786,Nick,STROUD,Bremerton,WA,,University of Idaho
70,329626,Joseph,NEAR,Kensington,CA,,Massachusetts Institute of Technology
71,359223,Daniel,BENOWITZ,Bellingham,WA,,Western Washington University
72,370557,Ben,WOOLSTON,Brighton,MA,,Massachusetts Institute of Technology
73,387057,Brady,REED,Magnolia,TX,,Baylor University
74,378706,Jonathan,YOUNGBLOOD,Amarillo,TX,,Texas Christian University
75,335682,Ryan,WIGG,Bellingham,WA,,Western Washington University
76,395426,Anthony,BORREGO,Punta Gorda,FL,,US Naval Academy
77,305777,Noah,EPSTEIN,Andover,MA,,Tufts University
78,240094,Zachary,NAVE,Gray,TN,,Milligan College
79,234714,Taylor,SCHWARTZ,San Francisco,CA,,Tufts University
80,304968,Travis,PEDLEY,Farmington,MN,,University of Minnesota-Duluth
81,326136,Alex,BREAKSTONE,Westfield,NJ,,Bucknell University
82,395434,Daniel,DESOUZA,Kalispell,MT,,US Naval Academy
83,240521,Matthew,GILBERT,Wakefield,RI,,Middlebury College

05/03/2014 Criterium Men D1 Nationals Crit
Place,License #,First,Last,City,State,Time,Team
1,193035,Brandon,FEEHERY,Knoxville,TN,1:17:34,Lindenwood University
2,224589,Colton,BARRETT,Indianapolis,IN,1:17:34,Marian University
3,337040,Stephan,HIRSCH,Oklahoma City,OK,1:17:35,Marian University
4,331782,Gabriel,BACA,Austin,TX,1:17:35,Midwestern State University
5,309141,Jonathan,PENALOZA,Sacramento,CA,1:17:35,University of California-Davis
6,307756,Zeb,KING,Boone,NC,1:17:36,Appalachian State University
7,399388,George,SIMPSON,Fort Collins,CO,1:17:36,Colorado State University
8,283449,Wesley,KLINE,Emmaus,PA,1:17:36,Pennsylvania State University
9,197984,Matthew,BRANDT,St Charles,MO,1:17:36,Lindenwood University
10,395741,Renan,MAIA,Durango,CO,1:17:36,Fort Lewis College
11,274163,Daniel,KOSYKH,Davis,CA,1:17:37,University of California-Davis
12,327086,Tim,AIKEN,Stanford,CA,1:17:37,Stanford University
13,272809,Ricky,RANDALL,Highland Village ,TX,1:17:37,Midwestern State University
14,282590,Griffin,EASTER,Upland,CA,1:17:37,Fort Lewis College
15,291477,Thomas,SCHUBERT,Lebanon,TN,1:17:37,Cumberland University
16,277734,Tanner,HURST,Gallatin,TN,1:17:37,Cumberland University
17,246447,Chris,JOHNSON,San Marcos,CA,1:17:37,University of California-San Diego
18,313408,Sebastian,MORFIN,Weston,FL,1:17:38,University of Florida
19,393575,Max,RICH,Tucson,AZ,1:17:38,University of Arizona
20,257134,Joshua,JOHNSON,Fort Wayne,IN,1:17:38,Marian University
21,255870,Eric,STUBBS,Gainesville,FL,1:17:38,University of Florida
22,249618,Zack,NOONAN,Durango,CO,1:17:38,Fort Lewis College
23,306183,Andrew,ULVESTAD,Solana Beach,CA,1:17:39,University of California-San Diego
24,173347,Derek,LAAN,Bloomington,IN,1:17:40,Indiana University-Bloomington
25,320582,Matthew,ZIMMER,Dewitt ,IA,1:17:40,Lees-McRae College
26,297555,Christopher,MEACHAM,Mooresville,NC,1:17:40,Lees-McRae College
27,356634,Connor,BENTON,Oakland,CA,1:17:41,University of California-Berkeley
28,224401,Steven,GORDON,Lexington,KY,1:17:41,University of Kentucky
29,274222,Bill,GOLEMBIESKI,Boulder,CO,1:17:41,University of Colorado Boulder
30,253558,Cory,SCOTT,Richmond,VA,1:17:45,Midwestern State University
31,222320,Andreas,FREUND,Seattle,WA,1:17:45,University of California-Berkeley
32,394667,Christopher,REA,Simi Valley,CA,1:17:46,University of California-Santa Barbara
33,329332,Rory,JACK,Seattle,WA,1:18:00,University of Washington-Seattle
34,340986,George,GARVICK,New Bern,NC,1:17:46,Appalachian State University
35,280746,Rolly,WEAVER,Ormond Beach,FL,1:17:46,University of Florida
36,209193,Marcus,SMITH,Pleasanton,CA,1:17:52,University of California-Berkeley
37,308924,Alexander,MARTIN,Madison,WI,1:17:53,University of Wisconsin-Madison
38,395771,Taylor,PEARMAN,Burke,VA,1:17:55,Virginia Polytechnic University
39,370844,Hendra,PALISADES,Columbus,OH,1:17:57,Ohio State University
40,349270,Mitchell,SIDES,Magnolia,TX,1:17:59,The University of Texas at Austin
41,281816,Dylan,KNUTSON,Advance,NC,1:17:59,Lees-McRae College
42,390357,Drew,LAWYER,Palo Alto ,CA,1:18:00,University of California-San Diego
43,292569,Matias,PERRET,Iowa City,IA,1:18:00,University of Iowa
44,245670,Jim,MADDOCK,South Berwick,ME,1:17:46,University of Washington-Seattle
45,350750,Cory,SMALL,Boxborough,MA,1:18:00,University of Vermont
46,292885,Jason,RYAN,Mountain View,CA,1:18:00,Stanford University
47,403731,Gavin,MURRAY,Sebastopol,CA,1:18:02,Columbia University-NYC
48,385701,Gregory,SEYMOUR,Denver,CO,1:18:02,Colorado State University
49,374912,Michael,OLTMAN,Pittsburgh,PA,1:18:02,University of Pittsburgh
50,227015,Daniel,WILLIAMS,Murphysboro,IL,1:18:02,Lindenwood University
51,271372,Jos,CHALMERS,Indian Harbour Beach,FL,1:18:02,Marian University
52,367217,Jake,COHEN,Goleta,CA,1:18:03,University of California-Santa Barbara
53,424151,Joel,FLETCHER,Portland,OR,1:18:03,Portland State University
54,359756,Cameron,BROWN,Littleton,CO,1:18:03,University of Colorado Boulder
55,346092,John,BECKER,Fortville,IN,1:18:03,Indiana University-Bloomington
56,287780,Taylor,WARREN,San Diego,CA,1:18:03,Colorado State University
57,368403,Jamie,ANDERSON,Cincinnati,OH,1:18:05,University of Cincinnati
58,282543,Christopher,CURRAN,Maryland Heights,MO,1:18:06,Lindenwood University
59,319214,Grant,KOONTZ,Spring,TX,1:18:06,Texas A & M University
60,333188,Christopher,JONES,Richmond,VA,1:18:07,Virginia Commonwealth University
61,263406,Peter,GRAY,South Bend,IN,1:18:08,University of Washington-Seattle
62,283386,Jeffrey,BUSCHECK,Davis,CA,1:18:08,University of California-Davis
63,338628,Michael,NICHOLS,Fort Collins,CO,1:18:09,Colorado State University
64,309610,Cole,LALOMIA,Portland,OR,1:18:09,Portland State University
65,307328,Brenden,HARDY,Iowa City,IA,1:18:13,University of Iowa
66,309324,Dominic,CAIAZZO,Bronx,NY,1:18:20,Northeastern University
67,291819,Justin,LOWE,Greenville,SC,1:18:23,Lindsey Wilson College
68,393753,Samuel,CROFT,Wichita Falls,TX,1:19:05,Midwestern State University
69,271420,Dean,HAAS,Lakewood,CO,1:23:19,Fort Lewis College
70,253956,Travis,MONROE,Coeur D&#39; Alene,ID,,Lindsey Wilson College
71,386123,Garrett,BROWN,Boulder,CO,,University of Colorado Boulder
72,314892,Ford,MURPHY,Portsmouth,NH,,Northeastern University
73,311527,Kenneth,MCNEILL,Rutland,VT,,Northeastern University
74,408355,Luke,CALDWELL,Birmingham,AL,,Cumberland University
75,404606,Ryan,COLLINS,Atlanta,GA,,Georgia Institute of Technology
76,336890,Daniel,ZITTER,Costa Mesa,CA,,University of California-San Diego
77,268729,David,NOVAK,Tunkhannock,PA,,Lindsey Wilson College
78,382133,Mike,BETLEY,Mountain View,CA,,Stanford University
79,219998,Benjamin,STOVER,Lawrence,KS,,University of Kansas
80,286566,Chas,MCFARLAND,Wheeling,WV,,West Virginia University
81,287070,Nicholas,LUTHER,Greenville,SC,,Clemson University
82,303015,Paul,DENTEL,Dallas,TX,,University of Cincinnati
83,394370,Abel,FERNANDEZ,Irvine,CA,,University of California-Santa Barbara
84,338118,Christian,DICENSO,Atlanta,GA,,Georgia Institute of Technology
85,193722,Alexander,MEYER,Minneapolis,MN,,University of Wisconsin-Madison
86,378722,Alexander,HERSHEY,Johnston,IA,,Iowa State University
87,334178,Ahmed,ZUHAIRY,Arlington,VA,,Portland State University
88,379841,Spencer,KRUSE,Racine,WI,,University of Wisconsin-Madison
89,337132,Mark,SCHROEDER,Boulder,CO,,Oregon State University
90,283300,R. Wilson,TARBOX IV,New York,NY,,New York University
91,339018,Luke,MOMPER,Fort Wayne,IN,,Indiana University-Bloomington
92,236340,Cam,MANCUSO,Greentown,PA,,Lees-McRae College
93,375614,Jake,CONTOS,Albuquerque,NM,,Texas Tech University
94,337388,Bobby,LOZOYA,Santa Barbara,CA,,University of California-Santa Barbara
95,368815,Andrew,BAKER,Kennett Square,PA,,University of Delaware
96,332032,Bruno,SUTTLES,Napa,CA,,University of California-Davis
97,273533,Arnaud,BORNER,Mountain View,CA,,Pennsylvania State University
98,376222,Jacob,GLAHN,Lake Mills,WI,,University of Iowa
99,267363,Justin,EVANS,Colorado Springs,CO,,Appalachian State University
100,222630,Nathan,DUGAN,Whitefish,MT,,Columbia University-NYC
101,341638,Corey,ANDERSON,State College,PA,,Pennsylvania State University
102,344374,Zhaolong,WU,Corvallis,OR,,Oregon State University
103,299663,Will,MASSEY,Blacksburg,VA,,Virginia Polytechnic University
104,226312,Logan,LUKER,Lebanon,TN,,Cumberland University
105,255722,Tony,SIGRIST,Tallahassee,FL,,University of Central Florida
106,282547,Nathan,SPENCE,Auburn,AL,,Auburn University
107,359256,Marcel,DAVIDSE,Boulder,CO,,University of Colorado Boulder
108,306510,Brian,DECANN,Arlington,VA,,West Virginia University
109,392836,Justin,RUNAC,La Jolla,CA,,University of Florida
110,394567,Andrew,KELLER,Tucson,AZ,,University of Arizona

05/03/2014 Criterium Women D2 Nationals Crit
Place,License #,First,Last,City,State,Time,Team
1,414385,Ariane,HORBACH,Grand Junction,CO,50:54:00,Colorado Mesa University
2,401270,Jennfier,CAICEDO,Greenville,SC,50:54:00,King University
3,390026,Dessie,WEIGEL,Walla Walla,WA,50:54:00,Whitman College
4,307916,Allison,ARENSMAN,Brevard,NC,50:55:00,Brevard College
5,340936,Leslie,LUPIEN,Enfield,NH,50:55:00,Dartmouth College
6,394186,Michelle,KHARE,Shreveport,LA,50:55:00,Dartmouth College
7,381993,Solymar,RIVERA,Dallas,TX,50:55:00,University of Puerto Rico-Rio Piedras
8,289625,Anne,GERARD,Indianapolis,IN,50:56:00,Butler University
9,229080,Elspeth,HUYETT,Alburtis,PA,50:56:00,Kutztown University of Pennsylvania
10,306824,Shaena,BERLIN,Millbrae,CA,50:56:00,Massachusetts Institute of Technology
11,366036,Adelaide,TILLINGHAST,Arvada,CO,50:56:00,American University
12,368370,Tate,DEVLIN,Mount Vernon,OH,50:57:00,University of North Carolina Wilmington
13,305828,Ariana,DITTMER,Grand Junction,CO,50:57:00,Colorado Mesa University
14,252583,Rose,LONG,Ny,NY,50:57:00,Icahn School of Medicine at Mount Sinai
15,397217,Monica,VOLK,Kempton,PA,50:57:00,Penn State-Lehigh Valley
16,181367,Danielle,HAULMAN,Davis,CA,50:57:00,Golden Gate University
17,281672,Bailey,SEMIAN,Mertztown,PA,50:57:00,Kutztown University of Pennsylvania
18,334726,Rachel,GEITER,Milwaukie,OR,50:58:00,Whitman College
19,387014,Sarah,HILL,Brevard,NC,50:58:00,Brevard College
20,413577,Caitlin,SULLIVAN,U S A F Academy,CO,50:58:00,US Air Force Academy
21,288099,Stephanie,CUCAZ,Johnson City,TN,50:59:00,Milligan College
22,293174,Katy,APPLIN,Winston-salem,NC,51:00:00,Wake Forest University
23,359128,Allison,JONES,Raleigh,NC,51:01:00,Warren Wilson College
24,340844,Jennifer,WILSON,Cambridge,MA,51:01:00,Massachusetts Institute of Technology
25,365847,Anna,LUCKOW,Minneapolis,MN,51:10:00,Saint Olaf College
26,360232,Lexie,MILLARD,Monument,CO,53:17:00,Colorado Mesa University
27,386021,Katherine,WYMBS,San Pedro,CA,,Massachusetts Institute of Technology
28,368373,Travis,RABBIT,Pittsburgh,PA,,Yale University
29,394595,Becky,JOHNSON,Chapel Hill,NC,,Duke University
30,422555,Corey,TUCKER,Somerville,MA,,Massachusetts Institute of Technology
31,218847,Nicole,MIRANDA,Valley City,OH,,Brevard College
32,394479,Emily,GOTZSCHE,Northfield,MN,,Saint Olaf College
33,370032,Frances,STEEN,Providence,RI,,Brown University
34,366740,Gina,TURRINI,Durham,NC,,Duke University
35,514221,Catherine,HARNDEN,,,,Mars Hill University
36,336622,Shannon,DAUGHTREY,Edmonds,WA,,Western Washington University
37,395102,Casey,THOMPSON,Alexandria,VA,,College of William and Mary
38,418478,Nina,HOLBROOKS,Olympia,WA,,Western Washington University
39,411282,Stephanie,OGIER,Durango,CO,,Saint Olaf College

05/03/2014 Criterium Women D1 Nationals Crit
Place,License #,First,Last,City,State,Time,Team
1,207432,Coryn,RIVERA,Tustin,CA,50:00:00,Marian University
2,228010,Judith,WEXLER,Davis,CA,50:00:00,University of California-Davis
3,273047,Lenore,PIPES,Ithaca,NY,50:00:00,Cornell University
4,225342,Jessica,PRINNER,South Elgin,IL,50:01:00,Midwestern State University
5,272896,Cinthia,LEHNER,Greer,SC,50:01:00,Appalachian State University
6,291607,Allie,DRAGOO,Grand Rapids,MI,50:01:00,Marian University
7,325094,Sara,BIRD,Los Altos,CA,50:01:00,Stanford University
8,292420,Eileen,MAZZOCHETTE,Menlo Park,CA,50:01:00,Stanford University
9,285638,Cecilia,DAVISHAYES,New York,NY,50:02:00,Columbia University-NYC
10,251058,Amber,VREDENBURG,Austin,TX,50:02:00,Lindenwood University
11,418564,Sara,ENDERS,Sacramento,CA,50:03:00,University of California-Davis
12,256409,Amy,CHANDOS,Flagstaff,AZ,50:03:00,Northern Arizona University
13,390227,Diane,MOUG,Davis,CA,50:03:00,University of California-Davis
14,291263,Sabrina,DAVID,Boulder,CO,50:04:00,University of Colorado Boulder
15,405608,Lindsey,RYDER,Peoria,AZ,50:05:00,Arizona State University
16,338822,Nina,LAUGHLIN,Brevard,NC,50:05:00,Appalachian State University
17,375627,Tess,SENTY,Cambridge,OH,50:05:00,West Virginia University
18,406382,Lelah,OSHAUGHNESSY,Portland,OR,50:06:00,Portland State University
19,367007,Holly,BEARD,Boca Raton,FL,50:06:00,University of Florida
20,220876,Katherine,SHIELDS,Advance,NC,50:07:00,Lees-McRae College
21,339392,Alena,PUGACHEVA,Dallas,TX,50:07:00,Virginia Commonwealth University
22,262452,Ivie,CRAWFORD,Bayfield,CO,50:08:00,Fort Lewis College
23,395130,Melanie,BEALE,Boulder,CO,,Colorado State University
24,200614,Hannah,HAYDUK,Columbia,KY,,Lindsey Wilson College
25,440050,Nicolle,BRUDERER,Boulder,CO,,University of Colorado Boulder
26,270694,Lindsey,DURST,Kirkwood,MO,,Lindenwood University
27,414071,Madeleine,STEELE,Wichita Falls,TX,,Midwestern State University
28,314836,Emily,ELBERS,Syracuse,NY,,Marian University
29,190874,Elizabeth,ENGWIS,Indianapolis,IN,,Marian University
30,394723,Jenna,MACPHERSON,Durango,CO,,Fort Lewis College
31,422662,Diana,NELSON,Gainesville,FL,,University of Florida
32,424981,Megan,NORTHEY,Brier,WA,,University of Delaware
33,293271,Susannah,NELSON,Portland,OR,,Portland State University
34,400535,Marisa,RORABAUGH,Boulder,CO,,University of Vermont
35,399863,Judah,SENCENBAUGH,Toccoa,GA,,Iowa State University
36,399630,Michelle,HEDRICH,Clearwater,FL,,University of Florida
37,358050,Grace,CHAPPELL,Austin,TX,,University of North Carolina at Chapel Hill
38,367331,Erica,GREIF,Reno,NV,,University of Nevada-Reno
39,366517,Reiley,PANKRATZ,Mesa,AZ,,Arizona State University
40,303507,Rosalyn,ZYLKOWSKI,Seatac,WA,,Washington State University
41,291028,Page,ROBERTSON,Oakland,CA,,Lees-McRae College
42,334082,Ashley,WEAVER,St. Charles ,MO,,Midwestern State University
43,375080,Katie,CARTEE,Anchorage,AK,,University of Colorado Boulder
44,369664,Jess,BUNCHEK,Valparaiso,IN,,Purdue University
45,399987,AnneLaure,CUVILLIEZ,Portola Valley,CA,,Stanford University
46,388123,Emily,HUEBNER,Seattle,WA,,University of Washington-Seattle
47,364751,Caroline,ACKLEY,Goleta Ca,CA,,University of California-Santa Barbara
48,308837,Natalie,SMITH,San Antonio ,TX,,Purdue University
49,349654,Robin,HACKERCARY,Boulder,CO,,University of Colorado Boulder
50,299236,Erin,DONOHUE,Norwich,VT,,Lees-McRae College
51,396601,Emily,COX,Atlanta,GA,,University of Georgia
52,398132,Allison,ALTERMAN,Tucson,AZ,,University of Arizona
53,338062,Anastasia,YANCHILINA,New York,NY,,Columbia University-NYC
54,411180,Sydney,EDMONSON,Edwards,CO,,Fort Lewis College
55,338448,Kira,MAICKE,Western Springs,IL,,University of Georgia
56,358741,Yesica,MENDOZA,Saint Charles,MO,,Lindenwood University
57,232118,Kaitlyn,LAWRENCE,Banner Elk,NC,,Lees-McRae College
58,412973,maddie,CHAVES,Ashland,OR,,Fort Lewis College
59,396612,Maureen,GRIBB,Lansdale,PA,,Drexel University
60,392098,Sarah,MUENCH,Phoenix,AZ,,Arizona State University
61,394435,Madeline,BUTTON,Fairbanks,AK,,Colorado State University
62,393246,Stefanie,SICHLER,Phoenix,AZ,,Arizona State University
63,393079,Diane,ZAIDA,Seattle,WA,,University of Washington-Seattle
64,260785,Jacqueline,DENNY,Liberty,MO,,Lindenwood University

05/02/2014 Individual Time Trial Men D2
Place,License #,First,Last,City,State,Time,Team
1,308534,Erik,Levinsohn,New Haven,CT,41:47.94,Yale University
2,231748,Spencer,Oswald,Dubuque,IA,42:36.54,Colorado Mesa University
3,126190,Brian,Dziewa,Saint Louis,MO,43:05.18,Saint Louis University
4,405612,Craig,Richey,,,43:06.82,Bentley University
5,324128,Stephen,Vogel,San Jose,CA,43:09.23,Wake Forest University
6,356102,Jeffrey,Clause,San Jose,CA,43:41.43,Santa Clara University
7,366124,Stephen,Cabebe,San Jose,CA,44:27.15,Santa Clara University
8,331166,Ben,Bradley,Plaquemine,LA,44:31.03,Tulane University of Louisiana
9,247838,Thomas,Barnett,Freehold,NJ,44:37.53,Providence College
10,338202,Alan,Royek,Easton,PA,44:56.09,Shippensburg University of Pennsylvania
11,372580,Brad,Neagos,Grand Rapids,MI,45:01.22,University of Denver
12,334154,Daniel,Holmdahl,Hanover,NH,45:07.25,Dartmouth College
13,365674,James,Snitzer,Boulder,CO,45:09.13,University of Notre Dame
14,424712,Alexis,Cartier,Moscow,ID,45:20.93,University of Idaho
15,300855,Kai,Wiggins,Washington,DC,45:33.96,Middlebury College
16,366360,Sam,Waples,Spokane,WA,45:50.85,Western Washington University
17,271559,Wyatt,Briggs,Thomasville,NC,45:54.12,Brevard College
18,363257,Jake,Barker,Steamboat Springs,CO,45:57.07,Middlebury College
19,298437,Nolan,Tankersley,Erwin ,TN,46:05.62,Milligan College
20,211869,Eric,Fischer,Williamsburg,VA,46:07.33,College of William and Mary
21,374463,Daniel,Lazier,La Canada,CA,46:16.97,Bucknell University
22,361711,Eric,Gregg,Boise,ID,46:27.93,University of Northern Colorado
23,254864,Samuel,O'Keefe,Breckenridge,CO,46:41.98,Middlebury College
24,315400,Hunter,Resek,East Dover,VT,46:44.88,Mars Hill University
25,340588,Andrew,ODonnell,South Bend,IN,47:06.66,University of Notre Dame
26,335682,Ryan,Wigg,Bellingham,WA,47:51.15,Western Washington University
27,394962,David,Berg,Hanover,NH,47:55.92,Dartmouth College
28,304958,Edward,Kronfli,Santa Clara,CA,47:56.18,Santa Clara University
29,387057,Brady,Reed,Magnolia,TX,48:05.69,Baylor University
30,316276,Andrew,Austin,University Place,WA,48:09.49,Central Washington University
31,359223,Daniel,Benowitz,Bellingham,WA,48:11.99,Western Washington University
32,395206,Ian,Umstead,Murray,KY,48:13.09,Murray State University
33,262263,Ricardo,Creel,Colorado Springs,CO,48:22.49,Boston College
34,395022,John,Bierman,Aurora,CO,49:38.66,US Air Force Academy
35,390786,Nick,Stroud,Bremerton,WA,49:47.11,University of Idaho
36,240094,Zachary,Nave,Gray,TN,49:52.51,Milligan College
DNS,313484,Samuel,Cowans,Philadelphia,PA,,Bucknell University
DNS,240521,Matthew,Gilbert,Wakefield,RI,,Middlebury College
DNS,310212,Zachary,Isaacs,Oakland,CA,,Middlebury College
DNS,299486,Jacob,Miller,Berkeley,CA,,Duke University
DNS,367978,Michael,Simecek,Kirkland,WA,,Western Washington University

05/02/2014 Individual Time Trial Men D1
Place,License #,First,Last,City,State,Time,Team
1,333188,Christopher,Jones,Richmond,VA,43:24.64,Virginia Commonwealth University
2,319214,Grant,Koontz,Spring,TX,43:38.19,Texas A & M University
3,291477,Thomas,Schubert,Lebanon,TN,43:54.10,Cumberland University
4,336388,Corey,Davis,Danville,VA,44:32.69,James Madison University
5,354762,Bryan,Lewis,Charlottesville,VA,44:36.29,University of Virginia
6,258299,Nicholas,Newcomb,Nicasio,CA,44:37.45,University of California-Santa Cruz
7,332188,Alex,Kellum,Philadelphia,PA,44:41.01,Clemson University
8,393989,Robert,Chrisman,San Francisco,CA,44:42.41,The University of Texas at Austin
9,349270,Mitchell,Sides,Magnolia,TX,44:48.23,The University of Texas at Austin
10,197984,Matthew,Brandt,St Charles,MO,44:48.69,Lindenwood University
11,281876,Brandon,Freyer,Brewster,NY,45:15.14,Appalachian State University
12,344034,Brett,Wachtendorf,Winooski,VT,45:15.23,Pennsylvania State University
13,243878,Cameron,Rex,Shawnee,KS,45:28.29,Lindenwood University
14,277734,Tanner,Hurst,Gallatin,TN,45:35.59,Cumberland University
15,395771,Taylor,Pearman,Burke,VA,45:43.48,Virginia Polytechnic University
16,224401,Steven,Gordon,Lexington,KY,45:45.97,University of Kentucky
17,277433,Zachary,Carlson,Indianapolis,IN,45:46.84,Marian University
18,395387,Sean,Gardner,Richmond,VA,45:57.47,Virginia Polytechnic University
19,255870,Eric,Stubbs,Gainesville,FL,46:11.09,University of Florida
20,368638,Kyle,Walker,Lubbock ,TX,46:38.16,Texas Tech University
21,390357,Drew,Lawyer,Palo Alto ,CA,47:02.13,University of California-San Diego
22,346092,John,Becker,Fortville,IN,47:02.64,Indiana University-Bloomington
23,209414,Nathan,Labecki,Milwaukee,WI,47:04.79,Marian University
24,313408,Sebastian,Morfin,Weston,FL,47:52.23,University of Florida
25,219706,Adam,Hodes,San Francisco,CA,48:02.51,Boston University
26,226312,Logan,Luker,Lebanon,TN,48:13.63,Cumberland University
27,408355,Luke,Caldwell,Birmingham,AL,48:25.27,Cumberland University
28,272798,Sean,Brown,Burkburnett,TX,48:27.06,Midwestern State University
29,280819,Jake,McLaughlin,Lyme,NH,49:25.41,University of Arizona
30,314892,Ford,Murphy,Portsmouth,NH,49:43.48,Northeastern University
31,306510,Brian,DeCann,Arlington,VA,49:58.56,West Virginia University
32,354006,David,Villari,Wayland,MA,50:15.37,Boston University
33,392836,Justin,Runac,La Jolla,CA,51:31.12,University of Florida
34,222630,Nathan,Dugan,Whitefish,MT,52:16.26,Columbia University-NYC
35,382065,David,Greif,Tucson,AZ,53:25.49,University of Arizona
36,223962,Ben,Emmert-Aronson,Jamaica Plain,MA,54:16.66,Boston University
37,286566,Chas,McFarland,Wheeling,WV,55:04.71,West Virginia University
DNS,424151,Joel,Fletcher,Portland,OR,,Portland State University
DNS,309610,Cole,Lalomia,Portland,OR,,Portland State University
DNS,334178,Ahmed,Zuhairy,Arlington,VA,,Portland State University

05/02/2014 Individual Time Trial Women D2
Place,License #,First,Last,City,State,Time,Team
1,361078,Jasmine,Hansen,Grimes,IA,48:27.82,US Air Force Academy
2,181367,Danielle,Haulman,Davis,CA,49:03.73,Golden Gate University
3,366036,Adelaide,Tillinghast,Arvada,CO,49:30.88,American University
4,397217,Monica,Volk,Kempton,PA,51:01.36,Penn State-Lehigh Valley
5,293174,Katy,Applin,Winston-salem,NC,51:10.76,Wake Forest University
6,340936,Leslie,Lupien,Enfield,NH,51:12.08,Dartmouth College
7,394186,Michelle,Khare,Shreveport,LA,51:57.07,Dartmouth College
8,370032,Frances,Steen,Providence,RI,52:10.96,Brown University
9,368373,Travis,Rabbit,Pittsburgh,PA,52:48.80,Yale University
10,288099,Stephanie,Cucaz,Johnson City,TN,53:22.04,Milligan College
11,252583,Rose,Long,Ny,NY,53:23.29,Icahn School of Medicine at Mount Sinai
12,365847,Anna,Luckow,Minneapolis,MN,53:24.09,Saint Olaf College
13,359128,Allison,Jones,Raleigh,NC,53:58.37,Warren Wilson College
14,381993,Solymar,Rivera,Dallas,TX,53:59.66,University of Puerto Rico-Rio Piedras
15,281672,Bailey,Semian,Mertztown,PA,56:04.86,Kutztown University of Pennsylvania
16,395102,Casey,Thompson,Alexandria,VA,56:23.81,College of William and Mary
17,418478,Nina,Holbrooks,Olympia,WA,57:21.29,Western Washington University
18,514221,Catherine,Harnden,,,58:23.83,Mars Hill University
19,336622,Shannon,Daughtrey,Edmonds,WA,58:43.22,Western Washington University

05/02/2014 Individual Time Trial Women D1
Place,License #,First,Last,City,State,Time,Team
1,225342,Jessica,Prinner,South Elgin,IL,46:23.26,Midwestern State University
2,256409,Amy,Chandos,Flagstaff,AZ,48:35.56,Northern Arizona University
3,285638,Cecilia,DavisHayes,New York,NY,48:49.64,Columbia University-NYC
4,292420,Eileen,Mazzochette,Menlo Park,CA,49:04.46,Stanford University
5,405608,Lindsey,Ryder,Peoria,AZ,49:11.54,Arizona State University
6,303507,Rosalyn,Zylkowski,Seatac,WA,50:34.58,Washington State University
7,375627,Tess,Senty,Cambridge,OH,50:44.26,West Virginia University
8,339392,Alena,Pugacheva,Dallas,TX,50:58.44,Virginia Commonwealth University
9,406382,Lelah,OShaughnessy,Portland,OR,51:05.12,Portland State University
10,399987,AnneLaure,Cuvilliez,Portola Valley,CA,51:17.17,Stanford University
11,338062,Anastasia,Yanchilina,New York,NY,52:05.10,Columbia University-NYC
12,367007,Holly,Beard,Boca Raton,FL,52:49.65,University of Florida
13,396612,Maureen,Gribb,Lansdale,PA,53:06.49,Drexel University
14,229338,Zoe,Frazier,Suwanee,GA,53:19.22,Marian University
15,424981,Megan,Northey,Brier,WA,53:26.54,University of Delaware
16,200614,Hannah,Hayduk,Columbia,KY,53:46.92,Lindsey Wilson College
17,359346,Jessica,Bobeck,Albuquerque,NM,53:52.45,University of Colorado Boulder
18,393246,Stefanie,Sichler,Phoenix,AZ,53:55.80,Arizona State University
19,358050,Grace,Chappell,Austin,TX,53:56.05,University of North Carolina at Chapel Hill
20,392098,Sarah,Muench,Phoenix,AZ,54:34.52,Arizona State University
21,377467,Riley,Missel,Grand Haven,MI,54:45.75,Marian University
22,393079,Diane,Zaida,Seattle,WA,55:38.68,University of Washington-Seattle
23,415021,Jaime,Kelleher,Boulder,CO,56:50.43,University of Colorado Boulder

05/02/2014 Team Time Trial Men D2 Nationals TTT
Place,License #,First,Last,City,State,Time,Team
1,0,CMU,MEN D2,,,41:49.56,Colorado Mesa University
2,0,Mars Hill,MEN D2,,,42:09.10,Mars Hill University
3,0,Notre Dame,MEN D2,,,43:12.55,University of Notre Dame
4,0,MIT,MEN D2,,,43:29.38,Massachusetts Institute of Technology
5,0,King,MEN D2,,,43:35.99,King University
6,0,Duke,MEN D2,,,43:36.88,Duke University
7,0,USAFA,MEN D2,,,44:19.01,US Air Force Academy
8,0,Middlebury,MEN D2,,,44:33.86,Middlebury College
9,0,Tufts,MEN D2,,,44:41.74,Tufts University
10,0,Navy,MEN D2,,,45:07.51,US Naval Academy
11,0,Whitman,MEN D2,,,45:40.11,Whitman College
12,0,RISD,MEN D2,,,46:51.99,Rhode Island School of Design
DNF,0,Brevard,MEN D2,,,,Brevard College

05/02/2014 Team Time Trial Men D1 Nationals TTT
Place,License #,First,Last,City,State,Time,Team
1,0,Fort Lewis,MEN D1,,,40:42.91,Fort Lewis College
2,0,Marian,MEN D1,,,41:16.24,Marian University
3,0,Lindenwood,MEN D1,,,41:49.05,Lindenwood University
4,0,Stanford,MEN D1,,,42:10.60,Stanford University
5,0,Midwestern,MEN D1,,,42:13.25,Midwestern State University
6,0,CSU,MEN D1,,,42:13.74,Colorado State University
7,0,UC-Berkeley,MEN D1,,,42:17.42,University of California-Berkeley
8,0,Arizona,MEN D1,,,42:19.63,University of Arizona
9,0,UC-Davis,MEN D1,,,42:23.96,University of California-Davis
10,0,CU-Boulder,MEN D1,,,42:59.38,University of Colorado Boulder
11,0,App State,MEN D1,,,43:09.80,Appalachian State University
12,0,Lees-McRae,MEN D1,,,43:14.47,Lees-McRae College
13,0,Lindsey Wilson,MEN D1,,,43:18.80,Lindsey Wilson College
14,0,IU-Bloomington,MEN D1,,,43:55.93,Indiana University-Bloomington
15,0,GA Tech,MEN D1,,,46:35.17,Georgia Institute of Technology
16,0,BU,MEN D1,,,48:52.30,Boston University
17,0,Florida,MEN D1,,,49:07.16,University of Florida

05/02/2014 Team Time Trial Women D2 Nationals TTT
Place,License #,First,Last,City,State,Time,Team
1,0,CMU,WOMEN D2,,,48:40.61,Colorado Mesa University
2,0,MIT,WOMEN D2,,,49:19.08,Massachusetts Institute of Technology
3,0,Whitman,WOMEN D2,,,50:09.25,Whitman College
4,0,USAFA,WOMEN D2,,,51:23.65,US Air Force Academy
5,0,Brevard,WOMEN D2,,,52:17.25,Brevard College
6,0,King,WOMEN D2,,,53:21.75,King University
7,0,Navy,WOMEN D2,,,53:37.28,US Naval Academy
8,0,Duke,WOMEN D2,,,54:15.88,Duke University

05/02/2014 Team Time Trial Women D1 Nationals TTT
Place,License #,First,Last,City,State,Time,Team
1,0,Marian,WOMEN D1,,,46:42.56,Marian University
2,0,UC-Davis,WOMEN D1,,,47:02.75,University of California-Davis
3,0,Stanford,WOMEN D1,,,47:23.50,Stanford University
4,0,App State,WOMEN D1,,,48:34.29,Appalachian State University
5,0,Fort Lewis,WOMEN D1,,,48:37.08,Fort Lewis College
6,0,Lindenwood,WOMEN D1,,,49:20.49,Lindenwood University
7,0,Midwestern,WOMEN D1,,,49:28.59,Midwestern State University
8,0,Lees-McRae,WOMEN D1,,,50:10.62,Lees-McRae College
9,0,CU-Boulder,WOMEN D1,,,50:56.84,University of Colorado Boulder
10,0,Florida,WOMEN D1,,,51:07.84,University of Florida
11,0,ASU,WOMEN D1,,,51:15.23,Arizona State University
